Date,Rate,High (est),Low (est)
2005-01-03,2.97459,0.0,0.0
2005-01-04,2.97165,3.0057,2.938
2005-01-05,2.96596,3.0021,2.9302
2005-01-06,2.9714,3.0076,2.9357
2005-01-07,2.96905,0.0,0.0
2005-01-10,2.96317,0.0,0.0
2005-01-11,2.96549,3.0002,2.9312
2005-01-12,2.96264,2.9994,2.9263
2005-01-13,2.95647,2.9922,2.9211
2005-01-14,2.94601,0.0,0.0
2005-01-17,2.93762,2.9729,2.9028
2005-01-18,2.9363200000000003,2.9727,2.9004
2005-01-19,2.93712,0.0,0.0
2005-01-20,2.95454,2.9887,2.9208
2005-01-21,2.95131,2.9872,2.9158
2005-01-24,2.9332700000000003,0.0,0.0
2005-01-25,2.92942,2.9657,2.8936
2005-01-26,2.9225,2.9561,2.8893
2005-01-27,2.92007,2.9555,2.885
2005-01-28,2.94863,2.9827,2.915
2005-01-31,2.93995,2.9742,2.9061
2005-02-01,2.92366,2.9586,2.8892
2005-02-02,2.92122,2.9561,2.8868
2005-02-03,2.92502,2.9610000000000003,2.8895
2005-02-04,2.9243099999999997,2.9592,2.8898
2005-02-07,2.9264900000000003,2.9607,2.8927
2005-02-08,2.9241099999999998,2.9596,2.889
2005-02-09,2.91898,2.9525,2.8858
2005-02-10,2.9131099999999996,2.9461,2.8805
2005-02-11,2.91018,2.945,2.8758
2005-02-14,2.9113900000000004,2.9452,2.8779
2005-02-15,2.90928,2.9414,2.8776
2005-02-16,2.9052599999999997,2.9403,2.8707
2005-02-17,2.89863,2.9322,2.8655
2005-02-18,2.8984,2.9338,2.8634
2005-02-21,2.9106099999999997,2.946,2.8757
2005-02-22,2.9163099999999997,2.9509,2.8821
2005-02-23,2.91453,0.0,0.0
2005-02-24,2.91973,2.9523,2.8875
2005-02-25,2.92835,0.0,0.0
2005-02-28,2.93474,2.9711,2.8988
2005-03-01,2.93833,0.0,0.0
2005-03-02,2.94437,0.0,0.0
2005-03-03,2.95362,0.0,0.0
2005-03-04,2.95282,2.9858,2.9202
2005-03-07,2.94104,2.9763,2.9062
2005-03-08,2.94104,0.0,0.0
2005-03-09,2.93198,0.0,0.0
2005-03-10,2.93047,2.9668,2.8946
2005-03-11,2.93047,0.0,0.0
2005-03-14,2.9225,2.9561,2.8893
2005-03-15,2.91942,2.9542,2.885
2005-03-16,2.9186099999999997,2.9521,2.8855
2005-03-17,2.91942,2.9542,2.885
2005-03-18,2.9186099999999997,2.9521,2.8855
2005-03-21,2.9186099999999997,0.0,0.0
2005-03-22,2.9165900000000002,0.0,0.0
2005-03-23,2.91157,2.9454,2.8782
2005-03-24,2.91315,2.9479,2.8788
2005-03-25,2.91315,0.0,0.0
2005-03-28,2.91315,0.0,0.0
2005-03-29,2.91824,0.0,0.0
2005-03-30,2.9233599999999997,0.0,0.0
2005-03-31,2.92231,2.9571,2.8879
2005-04-01,2.91776,0.0,0.0
2005-04-04,2.91777,2.9515,2.8844
2005-04-05,2.91893,2.9529,2.8853
2005-04-06,2.9199599999999997,2.9548,2.8856
2005-04-07,2.90992,2.945,2.8753
2005-04-08,2.8968,2.9296,2.8644
2005-04-11,2.89342,0.0,0.0
2005-04-12,2.8906400000000003,0.0,0.0
2005-04-13,2.891,2.9237,2.8587
2005-04-14,2.88427,0.0,0.0
2005-04-15,2.8841799999999997,2.9198,2.8489999999999998
2005-04-18,2.89414,0.0,0.0
2005-04-19,2.90592,2.9407,2.8716
2005-04-20,2.90541,0.0,0.0
2005-04-21,2.90026,2.9349,2.866
2005-04-22,2.89804,2.9328,2.8637
2005-04-25,2.89846,2.9331,2.8642
2005-04-26,2.9011400000000003,0.0,0.0
2005-04-27,2.8993,2.9341,2.8649
2005-04-28,2.8993,0.0,0.0
2005-04-29,2.90477,2.9385,2.8714
2005-05-02,2.90477,0.0,0.0
2005-05-03,2.9026099999999997,2.9373,2.8683
2005-05-04,2.8974,2.932,2.8632
2005-05-05,2.8974,0.0,0.0
2005-05-06,2.8971400000000003,2.9319,2.8628
2005-05-09,2.89931,0.0,0.0
2005-05-10,2.89614,2.9285,2.8641
2005-05-11,2.89189,2.9274,2.8568
2005-05-12,2.89414,2.9272,2.8614
2005-05-13,2.89478,0.0,0.0
2005-05-16,2.89624,2.931,2.8619
2005-05-17,2.891,2.9271,2.8553
2005-05-18,2.8854,0.0,0.0
2005-05-19,2.8837,0.0,0.0
2005-05-20,2.88441,0.0,0.0
2005-05-23,2.88592,0.0,0.0
2005-05-24,2.88478,2.9189,2.8511
2005-05-25,2.8854,2.9201,2.8511
2005-05-26,2.8854,0.0,0.0
2005-05-27,2.8854,0.0,0.0
2005-05-30,2.8847099999999997,2.9188,2.8510000000000004
2005-05-31,2.8847099999999997,0.0,0.0
2005-06-01,2.88216,2.9152,2.8495
2005-06-02,2.88286,2.917,2.8492
2005-06-03,2.88286,0.0,0.0
2005-06-06,2.88842,0.0,0.0
2005-06-07,2.89005,2.9228,2.8576
2005-06-08,2.8921099999999997,2.9246,2.86
2005-06-09,2.8921099999999997,0.0,0.0
2005-06-10,2.89412,2.9282,2.8604
2005-06-13,2.89351,0.0,0.0
2005-06-14,2.88444,0.0,0.0
2005-06-15,2.8786099999999997,2.9112,2.8464
2005-06-16,2.87709,0.0,0.0
2005-06-17,2.87472,0.0,0.0
2005-06-20,2.87226,0.0,0.0
2005-06-21,2.87226,0.0,0.0
2005-06-22,2.86977,0.0,0.0
2005-06-23,2.86577,0.0,0.0
2005-06-24,2.86842,0.0,0.0
2005-06-27,2.87582,0.0,0.0
2005-06-28,2.88511,2.9184,2.8522
2005-06-29,2.8919200000000003,2.9244,2.8598
2005-06-30,2.8919200000000003,0.0,0.0
2005-07-01,2.889,2.9237,2.8547
2005-07-04,2.889,0.0,0.0
2005-07-05,2.889,0.0,0.0
2005-07-06,2.889,0.0,0.0
2005-07-07,2.88309,2.9162,2.8504
2005-07-08,2.87975,0.0,0.0
2005-07-11,2.87268,0.0,0.0
2005-07-12,2.86718,2.9026,2.8322
2005-07-13,2.86938,0.0,0.0
2005-07-14,2.86977,0.0,0.0
2005-07-15,2.86396,2.8991,2.8292
2005-07-18,2.86977,2.9031,2.8368
2005-07-19,2.86927,2.9047,2.8343
2005-07-20,2.86307,2.8982,2.8284
2005-07-21,2.86307,0.0,0.0
2005-07-22,2.86307,0.0,0.0
2005-07-25,2.8714,0.0,0.0
2005-07-26,2.86726,2.9024,2.8325
2005-07-27,2.86726,0.0,0.0
2005-07-28,2.86282,0.0,0.0
2005-07-29,2.86219,2.8973,2.8275
2005-08-01,2.86219,0.0,0.0
2005-08-02,2.85968,2.8913,2.8284
2005-08-03,2.85858,0.0,0.0
2005-08-04,2.85862,2.8903,2.8273
2005-08-05,2.86038,2.8955,2.8257
2005-08-08,2.86327,0.0,0.0
2005-08-09,2.86713,0.0,0.0
2005-08-10,2.86912,2.9043,2.8343
2005-08-11,2.87462,2.9103,2.8393
2005-08-12,2.8780099999999997,2.9118,2.8446
2005-08-15,2.88013,2.9132,2.8475
2005-08-16,2.88237,2.918,2.8471
2005-08-17,2.88237,0.0,0.0
2005-08-18,2.88237,0.0,0.0
2005-08-19,2.88237,0.0,0.0
2005-08-22,2.89738,0.0,0.0
2005-08-23,2.89738,0.0,0.0
2005-08-24,2.90786,2.9406,2.8755
2005-08-25,2.9079900000000003,2.94,2.8763
2005-08-26,2.90676,0.0,0.0
2005-08-29,2.90801,2.9418,2.8746
2005-08-30,2.9104400000000004,2.9435,2.8778
2005-08-31,2.9104400000000004,0.0,0.0
2005-09-01,2.91111,0.0,0.0
2005-09-02,2.91069,2.9436,2.8781
2005-09-05,2.91069,0.0,0.0
2005-09-06,2.91069,0.0,0.0
2005-09-07,2.9079099999999998,0.0,0.0
2005-09-08,2.90483,2.9398,2.8702
2005-09-09,2.90483,0.0,0.0
2005-09-12,2.9085799999999997,2.9416,2.8759
2005-09-13,2.91416,0.0,0.0
2005-09-14,2.92015,2.955,2.8857
2005-09-15,2.92122,2.9561,2.8868
2005-09-16,2.91621,2.9513,2.8815
2005-09-19,2.91302,0.0,0.0
2005-09-20,2.91157,0.0,0.0
2005-09-21,2.91387,2.9486,2.8795
2005-09-22,2.91456,2.948,2.8815
2005-09-23,2.9123099999999997,2.9454,2.8796
2005-09-26,2.90974,2.9425,2.8774
2005-09-27,2.91171,0.0,0.0
2005-09-28,2.91056,2.9433,2.8782
2005-09-29,2.91171,0.0,0.0
2005-09-30,2.91602,2.9495,2.8829
2005-10-03,2.9116299999999997,0.0,0.0
2005-10-04,2.90957,2.9425,2.877
2005-10-05,2.91261,2.9477,2.878
2005-10-06,2.91988,0.0,0.0
2005-10-07,2.92991,0.0,0.0
2005-10-10,2.9357599999999997,0.0,0.0
2005-10-11,2.9357599999999997,0.0,0.0
2005-10-12,2.9457400000000002,0.0,0.0
2005-10-13,2.95942,2.9955,2.9238
2005-10-14,2.97268,3.0096,2.9362
2005-10-17,2.9735400000000003,3.009,2.9385
2005-10-18,2.9699,0.0,0.0
2005-10-19,2.96887,3.0025,2.9356
2005-10-20,2.9704,3.0058,2.9354
2005-10-21,2.97779,3.0148,2.9412
2005-10-24,2.98142,0.0,0.0
2005-10-25,2.98002,3.0166,2.9439
2005-10-26,2.9790799999999997,0.0,0.0
2005-10-27,2.98722,0.0,0.0
2005-10-28,3.00042,0.0,0.0
2005-10-31,3.01097,0.0,0.0
2005-11-01,3.01542,3.0511,2.9801
2005-11-02,3.00705,3.0424,2.9721
2005-11-03,2.99243,0.0,0.0
2005-11-04,2.98336,0.0,0.0
2005-11-07,2.98137,3.0185,2.9447
2005-11-08,2.97884,3.0158,2.9423
2005-11-09,2.97265,3.0081,2.9376
2005-11-10,2.96921,3.0029,2.9359
2005-11-11,2.9704,3.0058,2.9354
2005-11-14,2.96817,0.0,0.0
2005-11-15,2.96817,0.0,0.0
2005-11-16,2.95696,2.9895,2.9247
2005-11-17,2.94976,0.0,0.0
2005-11-18,2.94394,2.9804,2.908
2005-11-21,2.94394,0.0,0.0
2005-11-22,2.9396400000000003,2.9748,2.9049
2005-11-23,2.9418599999999997,2.9760000000000004,2.9081
2005-11-24,2.94841,2.9809,2.9163
2005-11-25,2.95292,2.9896,2.9167
2005-11-28,2.95606,0.0,0.0
2005-11-29,2.96637,3.0017,2.9314
2005-11-30,2.98116,3.0148,2.9479
2005-12-01,2.9778599999999997,3.0129,2.9433
2005-12-02,2.9708799999999997,3.0063,2.9358
2005-12-05,2.9752,3.0106,2.9402
2005-12-06,2.99422,3.028,2.9608
2005-12-07,3.00156,3.0377,2.9659
2005-12-08,2.99633,3.0308,2.9622
2005-12-09,2.99221,0.0,0.0
2005-12-12,2.98848,3.0219,2.9554
2005-12-13,3.002,3.0380000000000003,2.9664
2005-12-14,3.0098700000000003,3.0443,2.9758
2005-12-15,3.0036099999999997,3.0397,2.9679
2005-12-16,3.00204,3.0351,2.9693
2005-12-19,3.0061299999999997,3.0410000000000004,2.9716
2005-12-20,3.0237700000000003,0.0,0.0
2005-12-21,3.0302599999999997,0.0,0.0
2005-12-22,3.03136,0.0,0.0
2005-12-23,3.03136,0.0,0.0
2005-12-26,3.03136,0.0,0.0
2005-12-27,3.02467,0.0,0.0
2005-12-28,3.02944,0.0,0.0
2005-12-29,3.03748,3.0713,3.0039999999999996
2005-12-30,3.03704,0.0,0.0
2006-01-02,3.0417799999999997,3.0789999999999997,3.005
2006-01-03,3.0365,3.0705,3.0029
2006-01-04,3.03327,0.0,0.0
2006-01-05,3.03689,0.0,0.0
2006-01-06,3.04107,0.0,0.0
2006-01-09,3.04874,3.0848,3.0132
2006-01-10,3.05813,3.0934,3.0233
2006-01-11,3.06192,3.0982,3.0261
2006-01-12,3.05777,0.0,0.0
2006-01-13,3.04993,0.0,0.0
2006-01-16,3.04093,3.0745,3.0078
2006-01-17,3.03652,3.0708,3.0026
2006-01-18,3.03874,3.0748,3.0031
2006-01-19,3.04473,0.0,0.0
2006-01-20,3.04766,3.0832,3.0125
2006-01-23,3.04243,0.0,0.0
2006-01-24,3.03761,0.0,0.0
2006-01-25,3.0363900000000004,3.0711,3.0021
2006-01-26,3.03897,0.0,0.0
2006-01-27,3.04792,3.0844,3.0119
2006-01-30,3.06328,3.1013,3.0257
2006-01-31,3.06172,3.0985,3.0254
2006-02-01,3.0607900000000003,0.0,0.0
2006-02-02,3.0648400000000002,3.0995,3.0306
2006-02-03,3.06725,3.1021,3.0328
2006-02-06,3.07531,3.1107,3.0403
2006-02-07,3.07144,0.0,0.0
2006-02-08,3.06895,3.1044,3.0339
2006-02-09,3.07249,0.0,0.0
2006-02-10,3.0707,3.1045,3.0373
2006-02-13,3.0765599999999997,3.1145,3.0391
2006-02-14,3.07229,3.1092,3.0359
2006-02-15,3.06885,0.0,0.0
2006-02-16,3.07051,3.1053,3.0362
2006-02-17,3.0697,3.108,3.0319
2006-02-20,3.0598,0.0,0.0
2006-02-21,3.06148,0.0,0.0
2006-02-22,3.0671,3.1039,3.0307
2006-02-23,3.0697400000000004,0.0,0.0
2006-02-24,3.07174,0.0,0.0
2006-02-27,3.07701,0.0,0.0
2006-02-28,3.0763,0.0,0.0
2006-03-01,3.0732,0.0,0.0
2006-03-02,3.0708900000000003,0.0,0.0
2006-03-03,3.06705,3.1049,3.0296
2006-03-06,3.06235,3.0968,3.0283
2006-03-07,3.06668,0.0,0.0
2006-03-08,3.07515,0.0,0.0
2006-03-09,3.07998,3.1154,3.045
2006-03-10,3.08108,0.0,0.0
2006-03-13,3.08734,0.0,0.0
2006-03-14,3.08458,3.1226,3.0469999999999997
2006-03-15,3.07878,3.1144,3.0436
2006-03-16,3.07543,0.0,0.0
2006-03-17,3.07259,0.0,0.0
2006-03-20,3.07015,3.1078,3.033
2006-03-21,3.07191,0.0,0.0
2006-03-22,3.07405,3.1111,3.0375
2006-03-23,3.07412,0.0,0.0
2006-03-24,3.07497,3.1125,3.0379
2006-03-27,3.0664,0.0,0.0
2006-03-28,3.07239,3.1072,3.0380000000000003
2006-03-29,3.08034,0.0,0.0
2006-03-30,3.08034,0.0,0.0
2006-03-31,3.07829,3.1138,3.0431
2006-04-03,3.07527,3.1092,3.0417
2006-04-04,3.07824,0.0,0.0
2006-04-05,3.08149,3.1176,3.0458
2006-04-06,3.0808,0.0,0.0
2006-04-07,3.08438,0.0,0.0
2006-04-10,3.09732,3.1342,3.0609
2006-04-11,3.09382,0.0,0.0
2006-04-12,3.08174,3.1199,3.0439999999999996
2006-04-13,3.07745,0.0,0.0
2006-04-14,3.07883,0.0,0.0
2006-04-17,3.07775,0.0,0.0
2006-04-18,3.07708,3.1151,3.0395
2006-04-19,3.0747,3.1112,3.0387
2006-04-20,3.06668,0.0,0.0
2006-04-21,3.06697,3.105,3.0294
2006-04-24,3.06225,0.0,0.0
2006-04-25,3.05602,0.0,0.0
2006-04-26,3.05018,0.0,0.0
2006-04-27,3.04277,0.0,0.0
2006-04-28,3.03864,3.0763,3.0015
2006-05-01,3.03973,3.0749,3.0049
2006-05-02,3.04093,3.0776,3.0047
2006-05-03,3.0442,3.0788,3.0099
2006-05-04,3.04458,3.0802,3.0093
2006-05-05,3.0413900000000003,0.0,0.0
2006-05-08,3.0399599999999998,0.0,0.0
2006-05-09,3.03987,3.0751,3.0051
2006-05-10,3.03868,3.0725,3.0053
2006-05-11,3.04002,3.0752,3.0053
2006-05-12,3.03884,3.0723,3.0057
2006-05-15,3.03285,0.0,0.0
2006-05-16,3.03415,0.0,0.0
2006-05-17,3.0394799999999997,0.0,0.0
2006-05-18,3.0428900000000003,3.0789999999999997,3.0072
2006-05-19,3.04848,3.0866,3.0109
2006-05-22,3.0548,3.0888,3.0211
2006-05-23,3.0603700000000003,0.0,0.0
2006-05-24,3.0669299999999997,0.0,0.0
2006-05-25,3.0733099999999998,0.0,0.0
2006-05-26,3.07355,3.1105,3.037
2006-05-29,3.07999,0.0,0.0
2006-05-30,3.08445,0.0,0.0
2006-05-31,3.08379,3.1207,3.0473
2006-06-01,3.08575,3.1204,3.0515
2006-06-02,3.08411,3.1205,3.0482
2006-06-05,3.07744,3.1114,3.0439
2006-06-06,3.0764099999999996,3.1144,3.0389
2006-06-07,3.07919,0.0,0.0
2006-06-08,3.07919,0.0,0.0
2006-06-09,3.08164,3.1180000000000003,3.0457
2006-06-12,3.0809900000000003,0.0,0.0
2006-06-13,3.08086,3.1174,3.0448
2006-06-14,3.0813599999999997,3.1181,3.0451
2006-06-15,3.08165,3.1167,3.0469999999999997
2006-06-16,3.08006,3.1177,3.0429
2006-06-19,3.07891,3.1173,3.0410000000000004
2006-06-20,3.0789299999999997,3.1146,3.0436
2006-06-21,3.0795,0.0,0.0
2006-06-22,3.0785400000000003,3.1138,3.0437
2006-06-23,3.07611,3.1143,3.0384
2006-06-26,3.08089,0.0,0.0
2006-06-27,3.0813200000000003,3.1178,3.0453
2006-06-28,3.08219,0.0,0.0
2006-06-29,3.08566,3.1210000000000004,3.0507
2006-06-30,3.0874200000000003,0.0,0.0
2006-07-03,3.08243,3.1199,3.0454
2006-07-04,3.08207,0.0,0.0
2006-07-05,3.08386,0.0,0.0
2006-07-06,3.0846,3.1204,3.0492
2006-07-07,3.08615,0.0,0.0
2006-07-10,3.0859099999999997,0.0,0.0
2006-07-11,3.08652,3.1235,3.0499
2006-07-12,3.08659,0.0,0.0
2006-07-13,3.0842,3.1191,3.0497
2006-07-14,3.08312,0.0,0.0
2006-07-17,3.08378,3.1213,3.0467
2006-07-18,3.0838,0.0,0.0
2006-07-19,3.08213,3.1187,3.0460000000000003
2006-07-20,3.08213,0.0,0.0
2006-07-21,3.08029,3.1155,3.0455
2006-07-24,3.08047,3.1177,3.0437
2006-07-25,3.08133,0.0,0.0
2006-07-26,3.08026,3.1167,3.0442
2006-07-27,3.0777099999999997,0.0,0.0
2006-07-28,3.07512,0.0,0.0
2006-07-31,3.07543,0.0,0.0
2006-08-01,3.0756799999999997,3.1138,3.0381
2006-08-02,3.07293,0.0,0.0
2006-08-03,3.0710599999999997,0.0,0.0
2006-08-04,3.07186,3.1088,3.0353
2006-08-07,3.06802,3.1026,3.0339
2006-08-08,3.0680400000000003,0.0,0.0
2006-08-09,3.07084,3.1069999999999998,3.0351
2006-08-10,3.0707299999999997,3.1077,3.0342
2006-08-11,3.0694,3.1069999999999998,3.0322
2006-08-14,3.06865,0.0,0.0
2006-08-15,3.07037,3.1079,3.0333
2006-08-16,3.0735799999999998,0.0,0.0
2006-08-17,3.07671,3.1126,3.0413
2006-08-18,3.07653,3.1148,3.0388
2006-08-21,3.07911,3.1163,3.0424
2006-08-22,3.08109,3.1165,3.0461
2006-08-23,3.08184,3.1183,3.0458
2006-08-24,3.08345,3.1179,3.0494
2006-08-25,3.08541,0.0,0.0
2006-08-28,3.09082,3.1282,3.0538
2006-08-29,3.09353,3.1319,3.0557
2006-08-30,3.09782,0.0,0.0
2006-08-31,3.0958799999999997,3.1319,3.0603
2006-09-01,3.09534,0.0,0.0
2006-09-04,3.0946599999999997,3.1313,3.0584
2006-09-05,3.09376,3.1317,3.0563
2006-09-06,3.0947299999999998,3.1311,3.0587
2006-09-07,3.09742,3.1337,3.0616
2006-09-08,3.10181,3.1361,3.0679
2006-09-11,3.10033,0.0,0.0
2006-09-12,3.09974,0.0,0.0
2006-09-13,3.10256,3.1369,3.0686
2006-09-14,3.10515,0.0,0.0
2006-09-15,3.10354,3.1383,3.0691
2006-09-18,3.09813,0.0,0.0
2006-09-19,3.0979799999999997,0.0,0.0
2006-09-20,3.09821,3.1361,3.0607
2006-09-21,3.09762,0.0,0.0
2006-09-22,3.09859,3.1346,3.063
2006-09-25,3.09891,3.1333,3.0649
2006-09-26,3.09891,0.0,0.0
2006-09-27,3.0994200000000003,0.0,0.0
2006-09-28,3.10135,3.1394,3.0638
2006-09-29,3.1021400000000003,3.137,3.0676
2006-10-02,3.10359,0.0,0.0
2006-10-03,3.10327,3.1418,3.0653
2006-10-04,3.10197,3.1379,3.0664
2006-10-05,3.1034,0.0,0.0
2006-10-06,3.1039999999999996,3.1383,3.0701
2006-10-09,3.10515,0.0,0.0
2006-10-10,3.10616,3.1408,3.0719
2006-10-11,3.10626,3.1443,3.0687
2006-10-12,3.10636,3.1442,3.069
2006-10-13,3.10583,3.142,3.0701
2006-10-16,3.10255,0.0,0.0
2006-10-17,3.10248,0.0,0.0
2006-10-18,3.1024700000000003,3.1382,3.0672
2006-10-19,3.10017,3.1356,3.0651
2006-10-20,3.09357,0.0,0.0
2006-10-23,3.0908700000000002,0.0,0.0
2006-10-24,3.09131,3.1269,3.0561
2006-10-25,3.08975,3.1254,3.0545
2006-10-26,3.09006,0.0,0.0
2006-10-27,3.09164,3.1292,3.0545
2006-10-30,3.09174,0.0,0.0
2006-10-31,3.09305,3.1310000000000002,3.0556
2006-11-01,3.0927599999999997,0.0,0.0
2006-11-02,3.0899,3.1263,3.0539
2006-11-03,3.08731,3.1228,3.0522
2006-11-06,3.08528,0.0,0.0
2006-11-07,3.08252,3.1193,3.0462
2006-11-08,3.0827400000000003,0.0,0.0
2006-11-09,3.0773200000000003,3.1155,3.0396
2006-11-10,3.07098,3.1091,3.0334
2006-11-13,3.07248,0.0,0.0
2006-11-14,3.0742,0.0,0.0
2006-11-15,3.07425,3.1081,3.0407
2006-11-16,3.07102,3.1076,3.0348
2006-11-17,3.0688400000000002,3.1057,3.0324
2006-11-20,3.07229,3.1093,3.0357
2006-11-21,3.074,0.0,0.0
2006-11-22,3.07527,0.0,0.0
2006-11-23,3.07756,0.0,0.0
2006-11-24,3.07312,3.1106,3.0361
2006-11-27,3.07312,3.1112,3.0355
2006-11-28,3.0752200000000003,3.1127,3.0382
2006-11-29,3.0768299999999997,3.1124,3.0416
2006-11-30,3.0770299999999997,3.1126,3.0419
2006-12-01,3.07282,3.1092,3.0369
2006-12-04,3.06623,3.1033,3.0296
2006-12-05,3.0625400000000003,0.0,0.0
2006-12-06,3.0584700000000002,3.0962,3.0212
2006-12-07,3.0557,3.0902,3.0215
2006-12-08,3.0569,3.0905,3.0236
2006-12-11,3.05693,3.0919,3.0224
2006-12-12,3.05872,3.0951,3.0227
2006-12-13,3.05822,3.0961,3.0208
2006-12-14,3.05596,0.0,0.0
2006-12-15,3.05666,0.0,0.0
2006-12-18,3.05678,3.0917,3.0222
2006-12-19,3.0563599999999997,3.0937,3.0195
2006-12-20,3.0565900000000004,3.0943,3.0193
2006-12-21,3.0552599999999996,3.0897,3.0212
2006-12-22,3.05166,3.0857,3.0180000000000002
2006-12-25,3.05254,0.0,0.0
2006-12-26,3.05318,0.0,0.0
2006-12-27,3.05238,0.0,0.0
2006-12-28,3.0672599999999997,3.1052,3.0298
2006-12-29,3.07383,0.0,0.0
2007-01-01,3.06901,3.1045,3.034
2007-01-02,3.06169,3.0983,3.0255
2007-01-03,3.06169,0.0,0.0
2007-01-04,3.05686,3.0945,3.0197
2007-01-05,3.0613900000000003,3.0953,3.0279
2007-01-08,3.06941,3.1036,3.0356
2007-01-09,3.07691,3.1121,3.0421
2007-01-10,3.08088,0.0,0.0
2007-01-11,3.0819799999999997,3.1185,3.0459
2007-01-12,3.08112,0.0,0.0
2007-01-15,3.08046,3.1175,3.0439
2007-01-16,3.08101,3.1175,3.0449
2007-01-17,3.0810400000000002,3.1182,3.0443
2007-01-18,3.0800799999999997,3.1155,3.045
2007-01-19,3.07916,3.114,3.0447
2007-01-22,3.08395,0.0,0.0
2007-01-23,3.0878099999999997,3.1248,3.0512
2007-01-24,3.09309,3.1302,3.0564
2007-01-25,3.0966,3.133,3.0606
2007-01-26,3.09583,0.0,0.0
2007-01-29,3.10405,3.1419,3.0667
2007-01-30,3.1072599999999997,3.1453,3.0697
2007-01-31,3.10624,3.1409,3.072
2007-02-01,3.10652,3.1439999999999997,3.0695
2007-02-02,3.10544,3.1414,3.0699
2007-02-05,3.10095,0.0,0.0
2007-02-06,3.09872,3.1331,3.0647
2007-02-07,3.1010299999999997,0.0,0.0
2007-02-08,3.10169,3.1363,3.0674
2007-02-09,3.10235,3.1393,3.0658
2007-02-12,3.1198,3.1586,3.0815
2007-02-13,3.11472,0.0,0.0
2007-02-14,3.10373,0.0,0.0
2007-02-15,3.1008299999999998,0.0,0.0
2007-02-16,3.09807,3.1353,3.0613
2007-02-19,3.10303,3.141,3.0655
2007-02-20,3.1055200000000003,3.1442,3.0673
2007-02-21,3.1045,0.0,0.0
2007-02-22,3.1045,0.0,0.0
2007-02-23,3.1049900000000004,3.1411,3.0693
2007-02-26,3.1052,0.0,0.0
2007-02-27,3.1040200000000002,0.0,0.0
2007-02-28,3.1023,3.141,3.0641
2007-03-01,3.1010400000000002,0.0,0.0
2007-03-02,3.09937,0.0,0.0
2007-03-05,3.09682,0.0,0.0
2007-03-06,3.09868,3.135,3.0627
2007-03-07,3.10078,3.1364,3.0656
2007-03-08,3.1019,0.0,0.0
2007-03-09,3.103,3.1384,3.068
2007-03-12,3.10324,3.1397,3.0672
2007-03-13,3.10397,3.1417,3.0667
2007-03-14,3.1026,0.0,0.0
2007-03-15,3.10108,3.139,3.0636
2007-03-16,3.09899,3.1358,3.0626
2007-03-19,3.10067,3.1387,3.0631
2007-03-20,3.10135,0.0,0.0
2007-03-21,3.10062,0.0,0.0
2007-03-22,3.0996099999999998,3.1357,3.0639999999999996
2007-03-23,3.09885,3.1351,3.063
2007-03-26,3.0991299999999997,0.0,0.0
2007-03-27,3.1006,0.0,0.0
2007-03-28,3.10356,0.0,0.0
2007-03-29,3.10584,3.1438,3.0683
2007-03-30,3.10406,3.1384,3.0701
2007-04-02,3.10078,0.0,0.0
2007-04-03,3.0996200000000003,0.0,0.0
2007-04-04,3.09958,0.0,0.0
2007-04-05,3.10029,0.0,0.0
2007-04-06,3.09972,3.1358,3.0641
2007-04-09,3.1,0.0,0.0
2007-04-10,3.1,0.0,0.0
2007-04-11,3.09727,3.1325,3.0624
2007-04-12,3.0939,0.0,0.0
2007-04-13,3.09006,0.0,0.0
2007-04-16,3.09032,3.1247,3.0563
2007-04-17,3.08937,0.0,0.0
2007-04-18,3.08621,0.0,0.0
2007-04-19,3.08258,0.0,0.0
2007-04-20,3.08353,3.1193,3.0481
2007-04-23,3.0872,3.1226,3.0522
2007-04-24,3.08814,0.0,0.0
2007-04-25,3.08416,3.1203,3.0484
2007-04-26,3.0830900000000003,0.0,0.0
2007-04-27,3.0845599999999997,3.1204,3.0492
2007-04-30,3.08818,0.0,0.0
2007-05-01,3.0895099999999998,3.1243,3.0551
2007-05-02,3.08872,3.1242,3.0537
2007-05-03,3.08778,0.0,0.0
2007-05-04,3.08597,0.0,0.0
2007-05-07,3.08241,3.1196,3.0456
2007-05-08,3.08109,3.1165,3.0461
2007-05-09,3.0809,0.0,0.0
2007-05-10,3.0798200000000002,3.1147,3.0454
2007-05-11,3.07911,3.1148,3.0438
2007-05-14,3.08033,3.1159,3.0452
2007-05-15,3.0803700000000003,0.0,0.0
2007-05-16,3.07735,0.0,0.0
2007-05-17,3.07538,3.1136,3.0376
2007-05-18,3.0733200000000003,0.0,0.0
2007-05-21,3.07661,3.1114,3.0422
2007-05-22,3.07797,3.1138,3.0425
2007-05-23,3.07435,3.1083,3.0408
2007-05-24,3.0773,0.0,0.0
2007-05-25,3.08195,0.0,0.0
2007-05-28,3.08351,0.0,0.0
2007-05-29,3.08351,0.0,0.0
2007-05-30,3.08439,0.0,0.0
2007-05-31,3.0835,0.0,0.0
2007-06-01,3.0809,0.0,0.0
2007-06-04,3.07655,3.115,3.0386
2007-06-05,3.0739099999999997,3.11,3.0382
2007-06-06,3.07199,0.0,0.0
2007-06-07,3.0735,3.1119,3.0356
2007-06-08,3.0765700000000002,3.1122,3.0414
2007-06-11,3.0786599999999997,3.1135,3.0442
2007-06-12,3.0774,0.0,0.0
2007-06-13,3.07523,3.1134,3.0375
2007-06-14,3.0752200000000003,3.1127,3.0382
2007-06-15,3.07482,3.1087,3.0413
2007-06-18,3.06086,0.0,0.0
2007-06-19,3.06622,3.1042,3.0287
2007-06-20,3.07408,0.0,0.0
2007-06-21,3.07485,3.1131,3.0371
2007-06-22,3.07876,0.0,0.0
2007-06-25,3.0765,0.0,0.0
2007-06-26,3.07828,3.1154,3.0416
2007-06-27,3.08367,0.0,0.0
2007-06-28,3.08906,3.1246,3.0539
2007-06-29,3.08906,0.0,0.0
2007-07-02,3.0853599999999997,3.1216,3.0496
2007-07-03,3.08735,0.0,0.0
2007-07-04,3.0914099999999998,0.0,0.0
2007-07-05,3.09186,3.1268,3.0573
2007-07-06,3.09286,3.1303,3.0559
2007-07-09,3.1008299999999998,0.0,0.0
2007-07-10,3.1052400000000002,0.0,0.0
2007-07-11,3.10564,3.1432,3.0685
2007-07-12,3.10395,3.1383,3.07
2007-07-13,3.10135,0.0,0.0
2007-07-16,3.10275,3.1404,3.0655
2007-07-17,3.10205,0.0,0.0
2007-07-18,3.10197,3.1404,3.0639999999999996
2007-07-19,3.1017,0.0,0.0
2007-07-20,3.10445,3.1424,3.0669
2007-07-23,3.09995,0.0,0.0
2007-07-24,3.1114900000000003,3.1492,3.0742
2007-07-25,3.1269,3.1656,3.0887
2007-07-26,3.15066,0.0,0.0
2007-07-27,3.16296,3.2023,3.1242
2007-07-30,3.15265,3.1907,3.115
2007-07-31,3.1301900000000002,0.0,0.0
2007-08-01,3.12143,0.0,0.0
2007-08-02,3.12644,3.1637,3.0896
2007-08-03,3.13015,3.1668,3.0939
2007-08-06,3.12118,0.0,0.0
2007-08-07,3.13159,3.1705,3.0932
2007-08-08,3.1398200000000003,0.0,0.0
2007-08-09,3.13902,0.0,0.0
2007-08-10,3.13832,3.1765,3.1006
2007-08-13,3.14046,0.0,0.0
2007-08-14,3.1447,0.0,0.0
2007-08-15,3.1457,0.0,0.0
2007-08-16,3.1489999999999996,3.1865,3.112
2007-08-17,3.15613,0.0,0.0
2007-08-20,3.15335,0.0,0.0
2007-08-21,3.15355,3.1916,3.116
2007-08-22,3.15726,3.1928,3.1221
2007-08-23,3.16172,0.0,0.0
2007-08-24,3.16547,0.0,0.0
2007-08-27,3.17065,3.2099,3.1318
2007-08-28,3.1711,3.2063,3.1363
2007-08-29,3.17066,0.0,0.0
2007-08-30,3.16751,3.2057,3.1298
2007-08-31,3.1644099999999997,3.2023,3.127
2007-09-03,3.16289,3.2022,3.1241
2007-09-04,3.15828,3.1953,3.1217
2007-09-05,3.15772,0.0,0.0
2007-09-06,3.1623799999999997,0.0,0.0
2007-09-07,3.1652099999999996,3.2034,3.1275
2007-09-10,3.1533700000000002,0.0,0.0
2007-09-11,3.15368,3.1907,3.1171
2007-09-12,3.1576,0.0,0.0
2007-09-13,3.14934,3.1852,3.1139
2007-09-14,3.13898,3.1777,3.1007
2007-09-17,3.13435,3.1702,3.0989
2007-09-18,3.13294,0.0,0.0
2007-09-19,3.13333,0.0,0.0
2007-09-20,3.1313,3.1667,3.0963
2007-09-21,3.13153,0.0,0.0
2007-09-24,3.1391400000000003,3.178,3.1008
2007-09-25,3.14324,0.0,0.0
2007-09-26,3.1449,3.1841,3.1062
2007-09-27,3.1459799999999998,3.1817,3.1106
2007-09-28,3.1467,3.1822,3.1116
2007-10-01,3.14189,0.0,0.0
2007-10-02,3.14454,3.1831,3.1064
2007-10-03,3.1486400000000003,3.1875,3.1102
2007-10-04,3.14817,0.0,0.0
2007-10-05,3.15092,0.0,0.0
2007-10-08,3.1512,3.1878,3.115
2007-10-09,3.15364,3.1886,3.1191
2007-10-10,3.1548599999999998,3.1906,3.1195
2007-10-11,3.15842,3.197,3.1204
2007-10-12,3.15849,0.0,0.0
2007-10-15,3.15597,3.1923,3.12
2007-10-16,3.15667,3.1921,3.1216
2007-10-17,3.1596,3.1969,3.1227
2007-10-18,3.1619099999999998,0.0,0.0
2007-10-19,3.16157,0.0,0.0
2007-10-22,3.1623200000000002,0.0,0.0
2007-10-23,3.1632599999999997,3.199,3.1279
2007-10-24,3.16471,3.2029,3.127
2007-10-25,3.1706,0.0,0.0
2007-10-26,3.17577,3.2145,3.1375
2007-10-29,3.17504,0.0,0.0
2007-10-30,3.1688400000000003,3.2057,3.1324
2007-10-31,3.15865,0.0,0.0
2007-11-01,3.14958,3.1851,3.1145
2007-11-02,3.14331,0.0,0.0
2007-11-05,3.1354,3.1742,3.0971
2007-11-06,3.1311299999999997,0.0,0.0
2007-11-07,3.1311,0.0,0.0
2007-11-08,3.13017,3.1646,3.0961
2007-11-09,3.12827,3.1665,3.0905
2007-11-12,3.13143,0.0,0.0
2007-11-13,3.1313,3.1692,3.0939
2007-11-14,3.13099,0.0,0.0
2007-11-15,3.13099,0.0,0.0
2007-11-16,3.12944,3.165,3.0942
2007-11-19,3.13027,3.1674,3.0936
2007-11-20,3.13118,3.1692,3.0936
2007-11-21,3.12954,0.0,0.0
2007-11-22,3.1311,3.1687,3.0939
2007-11-23,3.1356900000000003,0.0,0.0
2007-11-26,3.16816,3.2064,3.1304
2007-11-27,3.16003,0.0,0.0
2007-11-28,3.14378,0.0,0.0
2007-11-29,3.14548,3.1821,3.1093
2007-11-30,3.1469400000000003,0.0,0.0
2007-12-03,3.15115,3.1891,3.1136
2007-12-04,3.14893,3.1856,3.1127
2007-12-05,3.1413,0.0,0.0
2007-12-06,3.13633,0.0,0.0
2007-12-07,3.13483,0.0,0.0
2007-12-10,3.1345400000000003,0.0,0.0
2007-12-11,3.1362200000000002,3.1737,3.0992
2007-12-12,3.1379900000000003,0.0,0.0
2007-12-13,3.13921,3.1774,3.1015
2007-12-14,3.13857,3.1768,3.1008
2007-12-17,3.1421,3.1783,3.1063
2007-12-18,3.14355,3.1806,3.1069
2007-12-19,3.14067,0.0,0.0
2007-12-20,3.13562,3.1715,3.1001
2007-12-21,3.13476,0.0,0.0
2007-12-24,3.1362,0.0,0.0
2007-12-25,3.1318099999999998,0.0,0.0
2007-12-26,3.1278200000000003,3.1633,3.0927
2007-12-27,3.12016,3.1563,3.0844
2007-12-28,3.12982,0.0,0.0
2007-12-31,3.14378,3.1792,3.1087
2008-01-01,3.15347,3.1894,3.1179
2008-01-02,3.1688400000000003,3.2082,3.13
2008-01-03,3.15941,3.1978,3.1215
2008-01-04,3.1468700000000003,3.1827,3.1114
2008-01-07,3.14264,0.0,0.0
2008-01-08,3.14007,3.1764,3.1042
2008-01-09,3.13545,3.1733,3.0980000000000003
2008-01-10,3.13105,0.0,0.0
2008-01-11,3.12692,3.1619,3.0923
2008-01-14,3.12834,3.1668,3.0903
2008-01-15,3.13064,3.1687,3.093
2008-01-16,3.1360200000000003,0.0,0.0
2008-01-17,3.1402400000000004,3.1792,3.1017
2008-01-18,3.14633,0.0,0.0
2008-01-21,3.15161,0.0,0.0
2008-01-22,3.15596,3.1947,3.1177
2008-01-23,3.15768,3.1931,3.1227
2008-01-24,3.15631,0.0,0.0
2008-01-25,3.1541099999999997,0.0,0.0
2008-01-28,3.15725,3.1956,3.1194
2008-01-29,3.1535900000000003,3.1917,3.1159
2008-01-30,3.15049,3.1865,3.1149
2008-01-31,3.15079,3.1861,3.1158
2008-02-01,3.1524,0.0,0.0
2008-02-04,3.16919,0.0,0.0
2008-02-05,3.1645,3.2016,3.1279
2008-02-06,3.1585099999999997,3.1934,3.1239999999999997
2008-02-07,3.16451,3.2038,3.1257
2008-02-08,3.16906,0.0,0.0
2008-02-11,3.16482,0.0,0.0
2008-02-12,3.16511,3.2017,3.1289
2008-02-13,3.16637,3.2047,3.1285
2008-02-14,3.1622,0.0,0.0
2008-02-15,3.15671,0.0,0.0
2008-02-18,3.15529,0.0,0.0
2008-02-19,3.15375,0.0,0.0
2008-02-20,3.1549099999999997,3.1902,3.12
2008-02-21,3.15437,0.0,0.0
2008-02-22,3.14922,3.1882,3.1107
2008-02-25,3.14915,3.1873,3.1115
2008-02-26,3.15475,3.1933,3.1167
2008-02-27,3.15651,3.1921,3.1213
2008-02-28,3.15579,0.0,0.0
2008-02-29,3.15591,3.1915,3.1207
2008-03-03,3.15844,0.0,0.0
2008-03-04,3.15929,0.0,0.0
2008-03-05,3.15748,3.1965,3.1189999999999998
2008-03-06,3.15501,0.0,0.0
2008-03-07,3.15251,3.1893,3.1162
2008-03-10,3.15251,0.0,0.0
2008-03-11,3.15338,3.1886,3.1186
2008-03-12,3.15465,0.0,0.0
2008-03-13,3.15327,3.1907,3.1163
2008-03-14,3.14938,3.1876,3.1116
2008-03-17,3.14515,3.1826,3.1081
2008-03-18,3.12989,0.0,0.0
2008-03-19,3.13942,3.1763,3.103
2008-03-20,3.15095,3.1862,3.116
2008-03-21,3.15483,3.1938,3.1163
2008-03-24,3.1412,0.0,0.0
2008-03-25,3.14933,0.0,0.0
2008-03-26,3.15814,3.1964,3.1204
2008-03-27,3.16043,0.0,0.0
2008-03-28,3.16584,3.2049,3.1272
2008-03-31,3.15939,3.1955,3.1236
2008-04-01,3.16025,0.0,0.0
2008-04-02,3.16648,0.0,0.0
2008-04-03,3.1639999999999997,3.202,3.1264
2008-04-04,3.16257,3.1978,3.1278
2008-04-07,3.16329,3.1983,3.1287
2008-04-08,3.16303,0.0,0.0
2008-04-09,3.15919,3.1978,3.1211
2008-04-10,3.15919,0.0,0.0
2008-04-11,3.15919,0.0,0.0
2008-04-14,3.1559,3.1908,3.1214
2008-04-15,3.15548,3.1935,3.1179
2008-04-16,3.15583,3.1928,3.1193
2008-04-17,3.15824,0.0,0.0
2008-04-18,3.16562,3.2035,3.1282
2008-04-21,3.1831,0.0,0.0
2008-04-22,3.17523,3.214,3.1369
2008-04-23,3.17538,3.2117,3.1395
2008-04-24,3.1818,3.2197,3.1443
2008-04-25,3.18105,0.0,0.0
2008-04-28,3.1743099999999997,3.2109,3.1382
2008-04-29,3.17143,3.2073,3.1359
2008-04-30,3.17193,3.2102,3.1341
2008-05-01,3.16578,3.2051,3.1269
2008-05-02,3.1674599999999997,3.2069,3.1285
2008-05-05,3.1694299999999997,3.2076,3.1317
2008-05-06,3.1692400000000003,0.0,0.0
2008-05-07,3.17325,0.0,0.0
2008-05-08,3.17715,3.2159,3.1389
2008-05-09,3.18152,0.0,0.0
2008-05-12,3.1806799999999997,3.2164,3.1454
2008-05-13,3.17712,3.2123,3.1423
2008-05-14,3.17674,3.2151,3.1388
2008-05-15,3.1686,3.2065,3.1311
2008-05-16,3.16374,3.1994,3.1285
2008-05-19,3.1494400000000002,0.0,0.0
2008-05-20,3.1446,3.1801,3.1095
2008-05-21,3.14718,0.0,0.0
2008-05-22,3.1412299999999997,0.0,0.0
2008-05-23,3.13476,3.1695,3.1004
2008-05-26,3.13637,0.0,0.0
2008-05-27,3.13763,3.1751,3.1006
2008-05-28,3.13782,0.0,0.0
2008-05-29,3.12813,3.1659,3.0908
2008-05-30,3.11688,3.154,3.0802
2008-06-02,3.10407,0.0,0.0
2008-06-03,3.09669,0.0,0.0
2008-06-04,3.0863099999999997,3.1236,3.0495
2008-06-05,3.0731599999999997,3.1108,3.0359
2008-06-06,3.06731,0.0,0.0
2008-06-09,3.05837,3.0942,3.0229
2008-06-10,3.06028,3.0945,3.0265
2008-06-11,3.0655900000000003,0.0,0.0
2008-06-12,3.0645700000000002,0.0,0.0
2008-06-13,3.0598400000000003,0.0,0.0
2008-06-16,3.05511,3.0914,3.0192
2008-06-17,3.0445599999999997,0.0,0.0
2008-06-18,3.03801,3.0728,3.0036
2008-06-19,3.03366,0.0,0.0
2008-06-20,3.0300599999999998,0.0,0.0
2008-06-23,3.0291,0.0,0.0
2008-06-24,3.02703,3.0639999999999996,2.9905
2008-06-25,3.02143,0.0,0.0
2008-06-26,3.01515,0.0,0.0
2008-06-27,3.01571,3.0504,2.9814
2008-06-30,3.01999,3.0564,2.984
2008-07-01,3.02283,0.0,0.0
2008-07-02,3.02283,3.0568,2.9893
2008-07-03,3.02179,3.0582,2.9858
2008-07-04,3.02442,3.0598,2.9894
2008-07-07,3.0296,0.0,0.0
2008-07-08,3.02457,3.0621,2.9875
2008-07-09,3.01727,3.0535,2.9814
2008-07-10,3.01418,3.0508,2.978
2008-07-11,3.01375,3.0469999999999997,2.9809
2008-07-14,3.01347,0.0,0.0
2008-07-15,3.0178599999999998,3.0537,2.9824
2008-07-16,3.02243,0.0,0.0
2008-07-17,3.02498,0.0,0.0
2008-07-18,3.02593,3.0629,2.9894
2008-07-21,3.0270799999999998,3.0627,2.9919
2008-07-22,3.02544,3.0626,2.9888
2008-07-23,3.0245900000000003,3.0612,2.9884
2008-07-24,3.02493,3.0601,2.9902
2008-07-25,3.0209799999999998,3.057,2.9854
2008-07-28,3.0190799999999998,3.0531,2.9854
2008-07-29,3.01767,3.0521,2.9836
2008-07-30,3.0186599999999997,0.0,0.0
2008-07-31,3.0222,0.0,0.0
2008-08-01,3.0261,3.0613,2.9913
2008-08-04,3.03621,0.0,0.0
2008-08-05,3.03628,3.074,2.9989999999999997
2008-08-06,3.0378,3.0739,3.0022
2008-08-07,3.04012,0.0,0.0
2008-08-08,3.04315,3.0781,3.0086
2008-08-11,3.05608,3.09,3.0225
2008-08-12,3.05598,0.0,0.0
2008-08-13,3.04146,3.075,3.0083
2008-08-14,3.03377,3.0716,2.9964
2008-08-15,3.0321599999999997,3.0697,2.9951
2008-08-18,3.03,3.0647,2.9957
2008-08-19,3.0291200000000003,0.0,0.0
2008-08-20,3.02964,3.0634,2.9962
2008-08-21,3.0270099999999998,3.0636,2.9908
2008-08-22,3.02471,3.0589999999999997,2.9908
2008-08-25,3.03163,3.0685,2.9952
2008-08-26,3.03094,0.0,0.0
2008-08-27,3.02831,3.0634,2.9936
2008-08-28,3.02582,0.0,0.0
2008-08-29,3.0236,3.0582,2.9894
2008-09-01,3.0312900000000003,3.0675,2.9955
2008-09-02,3.03345,0.0,0.0
2008-09-03,3.03171,3.0683,2.9956
2008-09-04,3.0386,3.0745,3.0031
2008-09-05,3.03963,0.0,0.0
2008-09-08,3.02878,3.0644,2.9936
2008-09-09,3.0323900000000004,0.0,0.0
2008-09-10,3.0466599999999997,0.0,0.0
2008-09-11,3.05763,0.0,0.0
2008-09-12,3.07382,0.0,0.0
2008-09-15,3.07947,3.1148,3.0446
2008-09-16,3.07687,0.0,0.0
2008-09-17,3.08528,3.1219,3.0491
2008-09-18,3.08878,0.0,0.0
2008-09-19,3.09809,3.1361,3.0605
2008-09-22,3.08495,3.1235,3.0469
2008-09-23,3.08632,3.1239,3.0492
2008-09-24,3.0985400000000003,3.1372,3.0604
2008-09-25,3.10275,0.0,0.0
2008-09-26,3.10609,0.0,0.0
2008-09-29,3.11559,3.1544,3.0772
2008-09-30,3.11764,0.0,0.0
2008-10-01,3.12181,3.1571,3.0869
2008-10-02,3.13289,3.1678,3.0984
2008-10-03,3.13924,3.1752,3.1037
2008-10-06,3.15156,3.1903,3.1133
2008-10-07,3.16498,3.2031,3.1273
2008-10-08,3.18194,3.2213,3.1431
2008-10-09,3.20317,0.0,0.0
2008-10-10,3.22054,0.0,0.0
2008-10-13,3.23267,3.2715,3.1943
2008-10-14,3.22818,3.264,3.1927
2008-10-15,3.21542,3.2527,3.1785
2008-10-16,3.20897,3.2467,3.1717
2008-10-17,3.20705,3.2425,3.1719999999999997
2008-10-20,3.20752,0.0,0.0
2008-10-21,3.20946,3.2448,3.1745
2008-10-22,3.21666,0.0,0.0
2008-10-23,3.22397,3.2606,3.1878
2008-10-24,3.23363,3.2728,3.1949
2008-10-27,3.25388,3.2913,3.2169
2008-10-28,3.26664,3.3073,3.2264
2008-10-29,3.2913699999999997,3.3301,3.2531
2008-10-30,3.339,0.0,0.0
2008-10-31,3.3597300000000003,3.3989999999999996,3.3209
2008-11-03,3.37439,3.412,3.3372
2008-11-04,3.38485,3.425,3.3452
2008-11-05,3.3768,3.4141,3.3399
2008-11-06,3.3409699999999996,0.0,0.0
2008-11-07,3.31501,3.3523,3.2781
2008-11-10,3.3027,3.3407,3.2652
2008-11-11,3.29966,0.0,0.0
2008-11-12,3.3054,0.0,0.0
2008-11-13,3.3090599999999997,3.3480000000000003,3.2706
2008-11-14,3.3035,3.344,3.2635
2008-11-17,3.31817,0.0,0.0
2008-11-18,3.32334,0.0,0.0
2008-11-19,3.3236199999999996,0.0,0.0
2008-11-20,3.32767,3.3661,3.2896
2008-11-21,3.3297,3.3694,3.2905
2008-11-24,3.3311599999999997,0.0,0.0
2008-11-25,3.33284,0.0,0.0
2008-11-26,3.33322,3.3718,3.2951
2008-11-27,3.3351599999999997,0.0,0.0
2008-11-28,3.34325,0.0,0.0
2008-12-01,3.36675,3.4085,3.3255
2008-12-02,3.3761300000000003,3.4177,3.335
2008-12-03,3.38458,3.4224,3.3472
2008-12-04,3.39623,3.4373,3.3556
2008-12-05,3.41681,0.0,0.0
2008-12-08,3.45031,3.4919,3.4092
2008-12-09,3.4635199999999995,3.5053,3.4223
2008-12-10,3.45888,0.0,0.0
2008-12-11,3.43855,3.4769,3.4007
2008-12-12,3.41505,3.4565,3.3741
2008-12-15,3.40101,3.4409,3.3616
2008-12-16,3.4108699999999996,0.0,0.0
2008-12-17,3.4108699999999996,3.4485,3.3736
2008-12-18,3.3992199999999997,0.0,0.0
2008-12-19,3.39605,0.0,0.0
2008-12-22,3.39923,0.0,0.0
2008-12-23,3.4121599999999996,3.4513,3.3735
2008-12-24,3.42444,0.0,0.0
2008-12-25,3.4281900000000003,3.4676,3.3892
2008-12-26,3.4198199999999996,3.4581,3.3819999999999997
2008-12-29,3.4107,0.0,0.0
2008-12-30,3.4332,3.4734,3.3934
2008-12-31,3.44984,3.488,3.4121
2009-01-01,3.45739,3.4963,3.4189
2009-01-02,3.47384,0.0,0.0
2009-01-05,3.4796199999999997,0.0,0.0
2009-01-06,3.4654199999999995,0.0,0.0
2009-01-07,3.4519,0.0,0.0
2009-01-08,3.45256,3.4927,3.4129
2009-01-09,3.4530800000000004,0.0,0.0
2009-01-12,3.4977,3.5413,3.4547
2009-01-13,3.4760800000000005,3.5143,3.4383
2009-01-14,3.4495699999999996,3.492,3.4076
2009-01-15,3.4502800000000002,3.4921,3.4089
2009-01-16,3.44985,3.4904,3.4098
2009-01-19,3.44383,3.4848,3.4033
2009-01-20,3.4495199999999997,0.0,0.0
2009-01-21,3.4613199999999997,3.5036,3.4196
2009-01-22,3.4609400000000003,0.0,0.0
2009-01-23,3.46245,0.0,0.0
2009-01-26,3.4533300000000002,0.0,0.0
2009-01-27,3.4655099999999996,3.508,3.4235
2009-01-28,3.4729300000000003,3.5151,3.4313
2009-01-29,3.4806199999999996,3.5226,3.4392
2009-01-30,3.49033,0.0,0.0
2009-02-02,3.48585,0.0,0.0
2009-02-03,3.4849900000000003,3.5242,3.4462
2009-02-04,3.49225,3.5355,3.4495
2009-02-05,3.49225,0.0,0.0
2009-02-06,3.4919,3.5326,3.4517
2009-02-09,3.4825800000000005,3.5249,3.4408
2009-02-10,3.4843599999999997,3.5228,3.4463
2009-02-11,3.49349,3.5351,3.4524
2009-02-12,3.49149,0.0,0.0
2009-02-13,3.48985,3.5285,3.4516
2009-02-16,3.4945,3.5361,3.4534
2009-02-17,3.49411,0.0,0.0
2009-02-18,3.4935099999999997,3.5338,3.4537
2009-02-19,3.5010000000000003,0.0,0.0
2009-02-20,3.5135199999999998,0.0,0.0
2009-02-23,3.48,3.5212,3.4393
2009-02-24,3.5055300000000003,0.0,0.0
2009-02-25,3.5405699999999998,0.0,0.0
2009-02-26,3.54857,3.5901,3.5075
2009-02-27,3.55456,3.594,3.5155
2009-03-02,3.55576,3.5992,3.5129
2009-03-03,3.57245,3.612,3.5333
2009-03-04,3.5962699999999996,0.0,0.0
2009-03-05,3.6098800000000004,0.0,0.0
2009-03-06,3.6186800000000003,0.0,0.0
2009-03-09,3.63175,0.0,0.0
2009-03-10,3.63175,0.0,0.0
2009-03-11,3.64051,3.685,3.5966
2009-03-12,3.6387699999999996,3.6812,3.5968
2009-03-13,3.6358699999999997,0.0,0.0
2009-03-16,3.6332699999999996,0.0,0.0
2009-03-17,3.6399199999999996,3.6833,3.597
2009-03-18,3.6448300000000002,0.0,0.0
2009-03-19,3.6351,3.6775,3.5932
2009-03-20,3.64034,0.0,0.0
2009-03-23,3.64931,3.6931,3.6060000000000003
2009-03-24,3.6573300000000004,3.7019,3.6133
2009-03-25,3.6797400000000002,3.7239999999999998,3.636
2009-03-26,3.68733,3.7310000000000003,3.6442
2009-03-27,3.6888099999999997,3.7347,3.6435
2009-03-30,3.70477,0.0,0.0
2009-03-31,3.7137599999999997,0.0,0.0
2009-04-01,3.7147,3.7594,3.6706
2009-04-02,3.71582,0.0,0.0
2009-04-03,3.7118300000000004,0.0,0.0
2009-04-06,3.69446,3.7374,3.6521
2009-04-07,3.6873400000000003,0.0,0.0
2009-04-08,3.68128,0.0,0.0
2009-04-09,3.67843,3.7219,3.6354
2009-04-10,3.6767300000000005,3.7213,3.6327
2009-04-13,3.6659900000000003,3.7088,3.6237
2009-04-14,3.64704,3.6918,3.6028
2009-04-15,3.6642699999999997,0.0,0.0
2009-04-16,3.6773800000000003,3.7192,3.6361
2009-04-17,3.6783900000000003,3.7207,3.6366
2009-04-20,3.75875,0.0,0.0
2009-04-21,3.7326699999999997,0.0,0.0
2009-04-22,3.6852400000000003,0.0,0.0
2009-04-23,3.69205,3.733,3.6516
2009-04-24,3.6922900000000003,3.7365,3.6486
2009-04-27,3.69509,3.7364,3.6543
2009-04-28,3.7027900000000002,0.0,0.0
2009-04-29,3.7055300000000004,3.7486,3.6630000000000003
2009-04-30,3.71196,3.755,3.6694
2009-05-01,3.7149,3.7562,3.674
2009-05-04,3.7134400000000003,0.0,0.0
2009-05-05,3.70534,0.0,0.0
2009-05-06,3.69805,3.7391,3.6574
2009-05-07,3.69984,3.7424,3.6578
2009-05-08,3.7093599999999998,3.7539,3.6653
2009-05-11,3.72842,3.7714,3.6859
2009-05-12,3.7235699999999996,3.7663,3.6813
2009-05-13,3.7189300000000003,0.0,0.0
2009-05-14,3.7214400000000003,3.7651,3.6783
2009-05-15,3.72345,3.7698,3.6777
2009-05-18,3.7366099999999998,3.7788,3.6949
2009-05-19,3.7343699999999997,3.7783,3.6909
2009-05-20,3.7235400000000003,3.7665,3.681
2009-05-21,3.72451,3.7697,3.6798
2009-05-22,3.7210400000000003,3.7643,3.6782
2009-05-25,3.72666,3.7681,3.6857
2009-05-26,3.7339300000000004,3.7768,3.6915
2009-05-27,3.73735,0.0,0.0
2009-05-28,3.74001,3.7839,3.6966
2009-05-29,3.7417199999999995,3.7858,3.6981
2009-06-01,3.7435300000000002,3.7897,3.6979
2009-06-02,3.73474,3.7786,3.6914
2009-06-03,3.73605,0.0,0.0
2009-06-04,3.7403800000000005,0.0,0.0
2009-06-05,3.7431300000000003,0.0,0.0
2009-06-08,3.74625,0.0,0.0
2009-06-09,3.75043,3.7919,3.7094
2009-06-10,3.75465,3.7969999999999997,3.7128
2009-06-11,3.7577199999999995,3.8019,3.714
2009-06-12,3.75728,0.0,0.0
2009-06-15,3.76745,3.8091,3.7263
2009-06-16,3.7690599999999996,0.0,0.0
2009-06-17,3.7663800000000003,3.8080000000000003,3.7252
2009-06-18,3.7635,3.8075,3.72
2009-06-19,3.7629699999999997,3.8049,3.7215
2009-06-22,3.77938,3.823,3.7363
2009-06-23,3.77987,3.8225,3.7377
2009-06-24,3.7762800000000003,3.82,3.7331
2009-06-25,3.7843,3.8286,3.7405
2009-06-26,3.7896900000000002,0.0,0.0
2009-06-29,3.79485,3.8386,3.7516
2009-06-30,3.79417,3.8409,3.748
2009-07-01,3.7907599999999997,0.0,0.0
2009-07-02,3.7954800000000004,0.0,0.0
2009-07-03,3.79841,3.8437,3.7537
2009-07-06,3.8001099999999997,3.8441,3.7566
2009-07-07,3.8015800000000004,0.0,0.0
2009-07-08,3.80378,0.0,0.0
2009-07-09,3.8069,3.8531,3.7613
2009-07-10,3.8051800000000005,3.8523,3.7586
2009-07-13,3.80485,0.0,0.0
2009-07-14,3.8062300000000002,3.8509,3.7621
2009-07-15,3.80838,3.8536,3.7637
2009-07-16,3.8073699999999997,0.0,0.0
2009-07-17,3.8062199999999997,0.0,0.0
2009-07-20,3.80404,0.0,0.0
2009-07-21,3.80364,0.0,0.0
2009-07-22,3.80566,3.8531,3.7588
2009-07-23,3.80634,0.0,0.0
2009-07-24,3.8094300000000003,3.8526,3.7668
2009-07-27,3.8130699999999997,3.8574,3.7693
2009-07-28,3.8091,3.8566,3.7622
2009-07-29,3.80709,3.8501,3.7646
2009-07-30,3.81262,3.8569,3.7689
2009-07-31,3.81946,0.0,0.0
2009-08-03,3.83091,3.8741,3.7882
2009-08-04,3.8315099999999997,3.8757,3.7878
2009-08-05,3.82654,0.0,0.0
2009-08-06,3.82225,3.8697,3.7753
2009-08-07,3.8233300000000003,0.0,0.0
2009-08-10,3.85881,3.904,3.8141
2009-08-11,3.84884,3.8930000000000002,3.8052
2009-08-12,3.8293,3.8764,3.7828
2009-08-13,3.8307300000000004,3.8769,3.7851
2009-08-14,3.8334,3.8777,3.7896
2009-08-17,3.8389,0.0,0.0
2009-08-18,3.84016,3.8853,3.7955
2009-08-19,3.8392199999999996,0.0,0.0
2009-08-20,3.84385,3.89,3.7982
2009-08-21,3.84564,3.8903,3.8015
2009-08-24,3.8490699999999998,3.8923,3.8063
2009-08-25,3.8503800000000004,3.8962,3.8051
2009-08-26,3.85103,3.8983,3.8044
2009-08-27,3.85054,3.8971,3.8045
2009-08-28,3.84683,3.8904,3.8037
2009-08-31,3.85341,0.0,0.0
2009-09-01,3.8565199999999997,3.9003,3.8132
2009-09-02,3.8526800000000003,0.0,0.0
2009-09-03,3.84904,0.0,0.0
2009-09-04,3.84731,3.8945,3.8007
2009-09-07,3.84416,3.8874,3.8014
2009-09-08,3.8445199999999997,3.8874,3.8021
2009-09-09,3.8470800000000005,3.8933,3.8014
2009-09-10,3.8512199999999996,3.8939,3.8089999999999997
2009-09-11,3.8525199999999997,3.9,3.8056
2009-09-14,3.85364,0.0,0.0
2009-09-15,3.85428,3.9006,3.8085
2009-09-16,3.84208,3.8868,3.7979
2009-09-17,3.8300300000000003,0.0,0.0
2009-09-18,3.8276,3.8746,3.7811
2009-09-21,3.8312,0.0,0.0
2009-09-22,3.83676,3.8821,3.7919
2009-09-23,3.83595,3.8835,3.7889999999999997
2009-09-24,3.83472,3.8788,3.7911
2009-09-25,3.8373800000000005,0.0,0.0
2009-09-28,3.83967,0.0,0.0
2009-09-29,3.8430199999999997,0.0,0.0
2009-09-30,3.8414,3.889,3.7944
2009-10-01,3.84006,3.8824,3.7982
2009-10-02,3.8413699999999995,0.0,0.0
2009-10-05,3.84251,3.8889,3.7967
2009-10-06,3.84151,3.8883,3.7953
2009-10-07,3.8391,3.8831,3.7956
2009-10-08,3.83829,3.8816,3.7955
2009-10-09,3.8343,3.8805,3.7887
2009-10-12,3.8343,0.0,0.0
2009-10-13,3.8313900000000003,0.0,0.0
2009-10-14,3.8292800000000002,3.8745,3.7846
2009-10-15,3.8241400000000003,3.8664,3.7824
2009-10-16,3.8241400000000003,0.0,0.0
2009-10-19,3.82135,3.8666,3.7766
2009-10-20,3.8210699999999997,3.8647,3.7779
2009-10-21,3.81958,0.0,0.0
2009-10-22,3.81889,0.0,0.0
2009-10-23,3.8188199999999997,0.0,0.0
2009-10-26,3.8238,3.8663,3.7818
2009-10-27,3.8239099999999997,3.8689999999999998,3.7794
2009-10-28,3.8206800000000003,3.8652,3.7766
2009-10-29,3.8202300000000005,3.8624,3.7785
2009-10-30,3.8218400000000003,3.8674,3.7768
2009-11-02,3.83355,3.8811,3.7866
2009-11-03,3.82977,0.0,0.0
2009-11-04,3.81921,3.8636,3.7753
2009-11-05,3.8148699999999995,0.0,0.0
2009-11-06,3.81494,3.8592,3.7712
2009-11-09,3.81301,0.0,0.0
2009-11-10,3.8128900000000003,3.8599,3.7664
2009-11-11,3.81526,3.8626,3.7685
2009-11-12,3.8148400000000002,3.8592,3.7710000000000004
2009-11-13,3.8130699999999997,0.0,0.0
2009-11-16,3.8097300000000005,0.0,0.0
2009-11-17,3.8109300000000004,3.8563,3.7661
2009-11-18,3.8122199999999995,3.8569,3.7680000000000002
2009-11-19,3.81295,3.8569,3.7695
2009-11-20,3.81124,0.0,0.0
2009-11-23,3.80553,0.0,0.0
2009-11-24,3.79946,0.0,0.0
2009-11-25,3.79736,3.8411,3.7541
2009-11-26,3.7985,3.8459,3.7517
2009-11-27,3.8006300000000004,3.8456,3.7562
2009-11-30,3.79231,3.8375,3.7477
2009-12-01,3.79664,0.0,0.0
2009-12-02,3.80675,3.8528,3.7612
2009-12-03,3.8102199999999997,0.0,0.0
2009-12-04,3.81009,3.8536,3.7671
2009-12-07,3.80835,3.8539999999999996,3.7632
2009-12-08,3.80539,0.0,0.0
2009-12-09,3.8056099999999997,3.8503,3.7615
2009-12-10,3.8039099999999997,3.8499,3.7585
2009-12-11,3.8013800000000004,0.0,0.0
2009-12-14,3.82657,3.8696,3.784
2009-12-15,3.81975,0.0,0.0
2009-12-16,3.8086699999999998,0.0,0.0
2009-12-17,3.81314,3.8566,3.7701
2009-12-18,3.8150699999999995,0.0,0.0
2009-12-21,3.8058099999999997,0.0,0.0
2009-12-22,3.80798,0.0,0.0
2009-12-23,3.80901,0.0,0.0
2009-12-24,3.8010300000000004,3.8472,3.7554
2009-12-25,3.7957,0.0,0.0
2009-12-28,3.7934099999999997,3.8372,3.7501
2009-12-29,3.7934300000000003,0.0,0.0
2009-12-30,3.8013199999999996,0.0,0.0
2009-12-31,3.8131699999999995,3.8562,3.7706
2010-01-01,3.8124300000000004,3.8560000000000003,3.7694
2010-01-04,3.81676,3.8642,3.7699
2010-01-05,3.80916,0.0,0.0
2010-01-06,3.7993300000000003,0.0,0.0
2010-01-07,3.80214,3.8456,3.7592
2010-01-08,3.80427,0.0,0.0
2010-01-11,3.7912,3.8344,3.7485
2010-01-12,3.7904199999999997,3.8354,3.7460000000000004
2010-01-13,3.79604,3.8424,3.7502
2010-01-14,3.79448,3.8383,3.7512
2010-01-15,3.79281,3.8382,3.748
2010-01-18,3.79653,0.0,0.0
2010-01-19,3.7977800000000004,3.8435,3.7526
2010-01-20,3.7958199999999995,3.8411,3.7511
2010-01-21,3.79874,0.0,0.0
2010-01-22,3.8019800000000004,0.0,0.0
2010-01-25,3.80741,0.0,0.0
2010-01-26,3.8083,0.0,0.0
2010-01-27,3.80935,3.8544,3.7649
2010-01-28,3.81459,3.8569,3.7727
2010-01-29,3.81795,0.0,0.0
2010-02-01,3.8231800000000002,3.8682,3.7787
2010-02-02,3.82745,3.8727,3.7828
2010-02-03,3.8298900000000002,0.0,0.0
2010-02-04,3.82996,0.0,0.0
2010-02-05,3.8345800000000003,0.0,0.0
2010-02-08,3.84036,3.8867,3.7946
2010-02-09,3.8421800000000004,3.8854,3.7994
2010-02-10,3.84188,3.8888,3.7955
2010-02-11,3.8437300000000003,3.8873,3.8007
2010-02-12,3.8427599999999997,3.8888,3.7972
2010-02-15,3.85059,3.8934,3.8082
2010-02-16,3.85604,3.9018,3.8108
2010-02-17,3.8553699999999997,3.9002,3.8111
2010-02-18,3.85586,0.0,0.0
2010-02-19,3.85485,3.9022,3.8081
2010-02-22,3.84675,3.89,3.8039
2010-02-23,3.84994,3.8939999999999997,3.8064
2010-02-24,3.86005,3.9026,3.8179
2010-02-25,3.86516,0.0,0.0
2010-02-26,3.86104,3.9054,3.8172
2010-03-01,3.84458,3.8905,3.7992
2010-03-02,3.8478800000000004,0.0,0.0
2010-03-03,3.85472,0.0,0.0
2010-03-04,3.85391,3.8982,3.8101
2010-03-05,3.8552699999999995,0.0,0.0
2010-03-08,3.84924,0.0,0.0
2010-03-09,3.8504300000000002,3.8941,3.8072
2010-03-10,3.85641,3.9,3.8133
2010-03-11,3.85972,0.0,0.0
2010-03-12,3.85998,0.0,0.0
2010-03-15,3.8591,0.0,0.0
2010-03-16,3.8591599999999997,3.9055,3.8134
2010-03-17,3.8591699999999998,3.9041,3.8147
2010-03-18,3.86039,0.0,0.0
2010-03-19,3.86186,0.0,0.0
2010-03-22,3.86384,0.0,0.0
2010-03-23,3.86504,0.0,0.0
2010-03-24,3.86545,3.9102,3.8212
2010-03-25,3.86637,3.9132,3.8201
2010-03-26,3.86887,3.9164,3.8219
2010-03-29,3.8664699999999996,0.0,0.0
2010-03-30,3.86615,0.0,0.0
2010-03-31,3.8696300000000003,0.0,0.0
2010-04-01,3.8737199999999996,3.9216,3.8264
2010-04-02,3.8757599999999996,0.0,0.0
2010-04-05,3.8740300000000003,3.9182,3.8304
2010-04-06,3.87709,3.9236,3.8311
2010-04-07,3.8790199999999997,0.0,0.0
2010-04-08,3.87921,3.9257,3.8332
2010-04-09,3.8793699999999998,3.9232,3.8360000000000003
2010-04-12,3.8697800000000004,3.9152,3.8249
2010-04-13,3.8676800000000005,3.9112,3.8246
2010-04-14,3.87404,0.0,0.0
2010-04-15,3.8773400000000002,3.9207,3.8345
2010-04-16,3.87587,3.9223,3.83
2010-04-19,3.88102,0.0,0.0
2010-04-20,3.87455,3.9182,3.8314
2010-04-21,3.86916,3.9135,3.8253
2010-04-22,3.87002,0.0,0.0
2010-04-23,3.8695,0.0,0.0
2010-04-26,3.86694,3.9138,3.8206
2010-04-27,3.8681900000000002,3.9126,3.8243
2010-04-28,3.87086,0.0,0.0
2010-04-29,3.8731800000000005,0.0,0.0
2010-04-30,3.8761400000000004,0.0,0.0
2010-05-03,3.87943,3.9249,3.8345
2010-05-04,3.8817199999999996,3.9254,3.8386
2010-05-05,3.88525,3.9281,3.8429
2010-05-06,3.8954199999999997,0.0,0.0
2010-05-07,3.9013,3.9451,3.858
2010-05-10,3.9086300000000005,3.952,3.8657
2010-05-11,3.9015,3.9491,3.8544
2010-05-12,3.89751,0.0,0.0
2010-05-13,3.89875,0.0,0.0
2010-05-14,3.8979699999999995,3.943,3.8534
2010-05-17,3.8987,3.9471,3.8509
2010-05-18,3.89701,3.943,3.8515
2010-05-19,3.90406,3.9516,3.8571
2010-05-20,3.9067,0.0,0.0
2010-05-21,3.89678,0.0,0.0
2010-05-24,3.9015800000000005,0.0,0.0
2010-05-25,3.9129,3.9568,3.8695
2010-05-26,3.90645,0.0,0.0
2010-05-27,3.90245,3.95,3.8555
2010-05-28,3.9076699999999995,0.0,0.0
2010-05-31,3.9161300000000003,3.9606,3.8721
2010-06-01,3.91592,0.0,0.0
2010-06-02,3.91929,3.9677,3.8715
2010-06-03,3.9257400000000002,3.9711,3.8809
2010-06-04,3.9261199999999996,0.0,0.0
2010-06-07,3.95917,4.006,3.9128
2010-06-08,3.9502300000000004,3.9955,3.9055
2010-06-09,3.92973,0.0,0.0
2010-06-10,3.92438,3.9721,3.8772
2010-06-11,3.91894,0.0,0.0
2010-06-14,3.91571,3.9621,3.8699
2010-06-15,3.9208,3.9657,3.8764
2010-06-16,3.9257699999999995,3.9731,3.8789999999999996
2010-06-17,3.9264,0.0,0.0
2010-06-18,3.9265199999999996,3.9739,3.8797
2010-06-21,3.9239900000000003,0.0,0.0
2010-06-22,3.92545,0.0,0.0
2010-06-23,3.9293,0.0,0.0
2010-06-24,3.92619,3.9721,3.8808
2010-06-25,3.9247,3.9694,3.8805
2010-06-28,3.9149,3.9615,3.8689
2010-06-29,3.92151,3.9651,3.8784
2010-06-30,3.93194,0.0,0.0
2010-07-01,3.9340599999999997,0.0,0.0
2010-07-02,3.93229,3.9773,3.8877
2010-07-05,3.92696,3.9754,3.8791
2010-07-06,3.92962,3.9782,3.8817
2010-07-07,3.9328199999999995,3.9810000000000003,3.8852
2010-07-08,3.93206,0.0,0.0
2010-07-09,3.93171,0.0,0.0
2010-07-12,3.9333699999999996,3.9803,3.887
2010-07-13,3.9342599999999996,0.0,0.0
2010-07-14,3.93404,3.9816,3.887
2010-07-15,3.93267,0.0,0.0
2010-07-16,3.9318400000000002,0.0,0.0
2010-07-19,3.93888,3.9834,3.8948
2010-07-20,3.93833,3.9848,3.8923
2010-07-21,3.93471,3.9817,3.8883
2010-07-22,3.9358800000000005,3.9839,3.8884
2010-07-23,3.93514,3.9821,3.8887
2010-07-26,3.93099,3.9784,3.8841
2010-07-27,3.92814,3.9721,3.8846
2010-07-28,3.92864,0.0,0.0
2010-07-29,3.9312400000000003,0.0,0.0
2010-07-30,3.9325900000000003,3.9807,3.8851
2010-08-02,3.9390300000000003,3.9874,3.8912
2010-08-03,3.94063,0.0,0.0
2010-08-04,3.93844,3.9858,3.8917
2010-08-05,3.9359,3.9805,3.8918
2010-08-06,3.93258,0.0,0.0
2010-08-09,3.93071,0.0,0.0
2010-08-10,3.93163,3.9802,3.8836
2010-08-11,3.9306,0.0,0.0
2010-08-12,3.9318199999999996,3.98,3.8842
2010-08-13,3.93475,0.0,0.0
2010-08-16,3.93586,3.9843,3.888
2010-08-17,3.9339,3.9819999999999998,3.8864
2010-08-18,3.93351,3.9811,3.8865
2010-08-19,3.93468,3.9835,3.8865
2010-08-20,3.93689,3.9842,3.8901
2010-08-23,3.93261,3.9792,3.8866
2010-08-24,3.9338599999999997,3.9785,3.8897
2010-08-25,3.93943,0.0,0.0
2010-08-26,3.94343,0.0,0.0
2010-08-27,3.94246,3.9862,3.8992
2010-08-30,3.93341,3.9798,3.8876
2010-08-31,3.93926,3.9837,3.8953
2010-09-01,3.94841,3.9959,3.9015
2010-09-02,3.94825,3.9949,3.9021
2010-09-03,3.94726,0.0,0.0
2010-09-06,3.9369400000000003,0.0,0.0
2010-09-07,3.9388199999999998,0.0,0.0
2010-09-08,3.94748,0.0,0.0
2010-09-09,3.94662,0.0,0.0
2010-09-10,3.9459,3.9914,3.9009
2010-09-13,3.9538300000000004,0.0,0.0
2010-09-14,3.94984,3.9974,3.9029
2010-09-15,3.94625,0.0,0.0
2010-09-16,3.9489900000000002,3.9965,3.9021
2010-09-17,3.9494599999999997,3.9961,3.9033
2010-09-20,3.95601,4.0047,3.9079
2010-09-21,3.95382,0.0,0.0
2010-09-22,3.9477599999999997,3.995,3.9011
2010-09-23,3.94656,3.992,3.9016
2010-09-24,3.9493400000000003,3.9933,3.9058
2010-09-27,3.95298,0.0,0.0
2010-09-28,3.9571400000000003,0.0,0.0
2010-09-29,3.96642,4.0135,3.9199
2010-09-30,3.9711300000000005,0.0,0.0
2010-10-01,3.96578,4.0116,3.9205
2010-10-04,3.95571,0.0,0.0
2010-10-05,3.95791,4.0057,3.9107
2010-10-06,3.9608,4.0073,3.9149
2010-10-07,3.9586,4.0022,3.9155
2010-10-08,3.9599,0.0,0.0
2010-10-11,3.9523599999999997,3.9991,3.9062
2010-10-12,3.9545199999999996,4.0003,3.9093
2010-10-13,3.95802,4.0069,3.9097
2010-10-14,3.95258,3.9961,3.9095
2010-10-15,3.94823,3.9943,3.9027
2010-10-18,3.95583,0.0,0.0
2010-10-19,3.9596199999999997,0.0,0.0
2010-10-20,3.9610199999999995,4.0068,3.9158
2010-10-21,3.9594699999999996,4.0051,3.9143
2010-10-22,3.9603,0.0,0.0
2010-10-25,3.95267,4.0,3.9059
2010-10-26,3.95034,0.0,0.0
2010-10-27,3.9550300000000003,0.0,0.0
2010-10-28,3.9572300000000005,4.0008,3.9141
2010-10-29,3.9558800000000005,0.0,0.0
2010-11-01,3.9487900000000002,3.9947,3.9035
2010-11-02,3.9501199999999996,3.9979,3.9029
2010-11-03,3.95589,4.0015,3.9108
2010-11-04,3.95434,0.0,0.0
2010-11-05,3.95329,0.0,0.0
2010-11-08,3.95775,4.0065,3.9096
2010-11-09,3.9593599999999998,4.004,3.9152
2010-11-10,3.96423,0.0,0.0
2010-11-11,3.96282,4.0073,3.9188
2010-11-12,3.95975,0.0,0.0
2010-11-15,3.9618599999999997,4.0103,3.9139999999999997
2010-11-16,3.96527,4.0126,3.9185
2010-11-17,3.9687300000000003,0.0,0.0
2010-11-18,3.97385,0.0,0.0
2010-11-19,3.97266,4.0198,3.9261
2010-11-22,3.96788,0.0,0.0
2010-11-23,3.96737,4.0115,3.9237
2010-11-24,3.9713800000000004,4.0209,3.9225
2010-11-25,3.97335,4.0192,3.9281
2010-11-26,3.97151,0.0,0.0
2010-11-29,3.97336,4.0195,3.9278
2010-11-30,3.9780900000000003,4.0263,3.9305
2010-12-01,3.98265,4.0306,3.9352
2010-12-02,3.9863,4.0309,3.9422
2010-12-03,3.9847099999999998,4.0313,3.9386
2010-12-06,3.9712699999999996,4.0202,3.9229
2010-12-07,3.97053,0.0,0.0
2010-12-08,3.97704,4.0241,3.9305
2010-12-09,3.9777,4.0263,3.9296
2010-12-10,3.97266,4.0184,3.9274
2010-12-13,3.97592,4.0229,3.9295
2010-12-14,3.9759599999999997,0.0,0.0
2010-12-15,3.9723800000000002,4.0191,3.9262
2010-12-16,3.97759,4.0269,3.9289
2010-12-17,3.97721,0.0,0.0
2010-12-20,3.9731199999999998,4.0198,3.927
2010-12-21,3.9755,0.0,0.0
2010-12-22,3.97606,4.022,3.9307
2010-12-23,3.97361,4.0229,3.925
2010-12-24,3.9723599999999997,4.019,3.9263
2010-12-27,3.97191,4.0157,3.9286
2010-12-28,3.97077,0.0,0.0
2010-12-29,3.97205,4.0216,3.9231
2010-12-30,3.97641,4.0235,3.9298
2010-12-31,3.97612,0.0,0.0
2011-01-03,3.9727,4.0214,3.9246
2011-01-04,3.9719800000000003,4.0175,3.9269
2011-01-05,3.97281,0.0,0.0
2011-01-06,3.9729400000000004,4.0222,3.9243
2011-01-07,3.9731199999999998,4.0193,3.9275
2011-01-10,3.9807099999999997,4.0261,3.9358
2011-01-11,3.9806,0.0,0.0
2011-01-12,3.97665,0.0,0.0
2011-01-13,3.9718199999999997,0.0,0.0
2011-01-14,3.9717,4.0212,3.9228
2011-01-17,3.9701,4.0149,3.9258
2011-01-18,3.97391,0.0,0.0
2011-01-19,3.97939,0.0,0.0
2011-01-20,3.98136,4.0285,3.9347
2011-01-21,3.9811099999999997,4.0265,3.9362
2011-01-24,3.96196,0.0,0.0
2011-01-25,3.9688800000000004,4.0133,3.9249
2011-01-26,3.9825800000000005,0.0,0.0
2011-01-27,3.98605,0.0,0.0
2011-01-28,3.9867800000000004,0.0,0.0
2011-01-31,3.9933099999999997,4.0424,3.9448
2011-02-01,3.99926,0.0,0.0
2011-02-02,4.00285,0.0,0.0
2011-02-03,4.00456,4.0546,3.9551
2011-02-04,4.00976,4.0547,3.9653
2011-02-07,4.0154,0.0,0.0
2011-02-08,4.01536,0.0,0.0
2011-02-09,4.01639,0.0,0.0
2011-02-10,4.01564,0.0,0.0
2011-02-11,4.0171,0.0,0.0
2011-02-14,4.01547,0.0,0.0
2011-02-15,4.01818,4.0651,3.9718
2011-02-16,4.02158,4.071000000000001,3.9728
2011-02-17,4.02153,0.0,0.0
2011-02-18,4.0231900000000005,0.0,0.0
2011-02-21,4.020630000000001,4.0664,3.9754
2011-02-22,4.0209,4.0661,3.9762
2011-02-23,4.0255,0.0,0.0
2011-02-24,4.02696,0.0,0.0
2011-02-25,4.02576,4.0746,3.9775
2011-02-28,4.02675,4.0733,3.9807
2011-03-01,4.02798,4.0763,3.9802
2011-03-02,4.029730000000001,4.0776,3.9824
2011-03-03,4.031280000000001,0.0,0.0
2011-03-04,4.0307900000000005,4.0808,3.9814
2011-03-07,4.02785,0.0,0.0
2011-03-08,4.02843,0.0,0.0
2011-03-09,4.028169999999999,4.0741,3.9828
2011-03-10,4.02732,0.0,0.0
2011-03-11,4.02876,4.0784,3.9798
2011-03-14,4.02532,4.0742,3.9771
2011-03-15,4.01933,0.0,0.0
2011-03-16,4.02564,4.0735,3.9783
2011-03-17,4.03395,0.0,0.0
2011-03-18,4.03674,4.0854,3.9886
2011-03-21,4.036519999999999,4.0859,3.9877
2011-03-22,4.036519999999999,4.0842,3.9894
2011-03-23,4.03715,4.0849,3.99
2011-03-24,4.04263,4.0877,3.998
2011-03-25,4.04574,4.0928,3.9992
2011-03-28,4.04821,4.0944,4.0025
2011-03-29,4.05331,4.1006,4.0066
2011-03-30,4.04978,0.0,0.0
2011-03-31,4.0444,4.0892,4.0001
2011-04-01,4.04432,0.0,0.0
2011-04-04,4.0460400000000005,0.0,0.0
2011-04-05,4.0498400000000006,0.0,0.0
2011-04-06,4.05246,0.0,0.0
2011-04-07,4.0511800000000004,0.0,0.0
2011-04-08,4.05326,4.1031,4.0041
2011-04-11,4.04408,0.0,0.0
2011-04-12,4.04379,0.0,0.0
2011-04-13,4.05132,0.0,0.0
2011-04-14,4.0521199999999995,4.1004,4.0044
2011-04-15,4.05641,4.1023,4.011
2011-04-18,4.06771,4.1125,4.0234
2011-04-19,4.0736099999999995,4.1189,4.0288
2011-04-20,4.07188,4.1197,4.0246
2011-04-21,4.06964,4.118,4.0219
2011-04-22,4.07273,4.1231,4.0229
2011-04-25,4.08,0.0,0.0
2011-04-26,4.08014,0.0,0.0
2011-04-27,4.08067,0.0,0.0
2011-04-28,4.07515,4.1203,4.0305
2011-04-29,4.06459,4.112,4.0177
2011-05-02,4.07413,0.0,0.0
2011-05-03,4.08178,4.1288,4.0353
2011-05-04,4.08539,0.0,0.0
2011-05-05,4.08655,4.1368,4.0369
2011-05-06,4.083080000000001,4.1321,4.0346
2011-05-09,4.10192,0.0,0.0
2011-05-10,4.10056,0.0,0.0
2011-05-11,4.08059,4.1264,4.0353
2011-05-12,4.09077,4.1358,4.0462
2011-05-13,4.09258,0.0,0.0
2011-05-16,4.09258,0.0,0.0
2011-05-17,4.08864,4.137,4.0408
2011-05-18,4.08838,4.137,4.0404
2011-05-19,4.0803,4.1294,4.0317
2011-05-20,4.07964,0.0,0.0
2011-05-23,4.08767,0.0,0.0
2011-05-24,4.09175,4.1423,4.0418
2011-05-25,4.086469999999999,0.0,0.0
2011-05-26,4.0887199999999995,0.0,0.0
2011-05-27,4.0854099999999995,0.0,0.0
2011-05-30,4.0843,0.0,0.0
2011-05-31,4.0856,4.1339999999999995,4.0378
2011-06-01,4.07943,4.1285,4.0309
2011-06-02,4.08208,4.1309,4.0338
2011-06-03,4.09028,0.0,0.0
2011-06-06,4.08713,4.1347,4.0401
2011-06-07,4.08624,4.1348,4.0382
2011-06-08,4.090330000000001,4.138,4.0432
2011-06-09,4.08906,0.0,0.0
2011-06-10,4.0915300000000006,0.0,0.0
2011-06-13,4.10976,0.0,0.0
2011-06-14,4.10907,0.0,0.0
2011-06-15,4.09316,4.1418,4.0451
2011-06-16,4.09569,4.141,4.0509
2011-06-17,4.09845,4.1437,4.0537
2011-06-20,4.09625,4.1444,4.0487
2011-06-21,4.09952,0.0,0.0
2011-06-22,4.0967199999999995,0.0,0.0
2011-06-23,4.09715,0.0,0.0
2011-06-24,4.10485,4.1535,4.0567
2011-06-27,4.10681,0.0,0.0
2011-06-28,4.09535,0.0,0.0
2011-06-29,4.09776,0.0,0.0
2011-06-30,4.10381,4.15,4.0581
2011-07-01,4.10614,4.1534,4.0594
2011-07-04,4.099130000000001,4.1475,4.0513
2011-07-05,4.10096,4.1495,4.053
2011-07-06,4.1083099999999995,0.0,0.0
2011-07-07,4.11019,4.1585,4.0624
2011-07-08,4.10597,0.0,0.0
2011-07-11,4.10034,0.0,0.0
2011-07-12,4.10367,4.1534,4.0545
2011-07-13,4.10387,4.1492,4.059
2011-07-14,4.09994,4.1466,4.0538
2011-07-15,4.10374,4.1535,4.0546
2011-07-18,4.11733,4.1649,4.0703
2011-07-19,4.1258,4.1765,4.0757
2011-07-20,4.12182,0.0,0.0
2011-07-21,4.118869999999999,0.0,0.0
2011-07-22,4.12006,4.1692,4.0715
2011-07-25,4.13296,4.184,4.0825
2011-07-26,4.1352400000000005,4.1842,4.0869
2011-07-27,4.12908,4.1755,4.0832
2011-07-28,4.13176,0.0,0.0
2011-07-29,4.13724,4.1887,4.0864
2011-08-01,4.13761,4.1867,4.0891
2011-08-02,4.13579,4.1817,4.0903
2011-08-03,4.13016,0.0,0.0
2011-08-04,4.136909999999999,4.1834,4.0909
2011-08-05,4.14789,4.1936,4.1027
2011-08-08,4.150869999999999,4.1993,4.103
2011-08-09,4.142919999999999,0.0,0.0
2011-08-10,4.15108,4.1984,4.1043
2011-08-11,4.14881,0.0,0.0
2011-08-12,4.15267,4.2009,4.105
2011-08-15,4.157,4.2049,4.1096
2011-08-16,4.15163,4.2001,4.1037
2011-08-17,4.1466199999999995,0.0,0.0
2011-08-18,4.1583,4.209,4.1082
2011-08-19,4.1679,0.0,0.0
2011-08-22,4.1746099999999995,4.2207,4.129
2011-08-23,4.17975,4.2278,4.1322
2011-08-24,4.18046,4.2277,4.1338
2011-08-25,4.18118,0.0,0.0
2011-08-26,4.18422,0.0,0.0
2011-08-29,4.18291,4.2335,4.1329
2011-08-30,4.18214,0.0,0.0
2011-08-31,4.184819999999999,0.0,0.0
2011-09-01,4.19247,4.2415,4.144
2011-09-02,4.19915,4.246,4.1528
2011-09-05,4.20136,0.0,0.0
2011-09-06,4.20477,0.0,0.0
2011-09-07,4.20705,4.2544,4.1602
2011-09-08,4.20288,4.2505,4.1558
2011-09-09,4.20437,4.254,4.1553
2011-09-12,4.20437,0.0,0.0
2011-09-13,4.2121900000000005,4.263999999999999,4.1610000000000005
2011-09-14,4.20444,4.2542,4.1553
2011-09-15,4.20086,4.2482,4.1541
2011-09-16,4.19979,4.2495,4.1507
2011-09-19,4.19897,0.0,0.0
2011-09-20,4.207380000000001,0.0,0.0
2011-09-21,4.2066,4.258,4.1558
2011-09-22,4.1993599999999995,4.2501,4.1492
2011-09-23,4.20539,4.2553,4.1561
2011-09-26,4.20529,4.2526,4.1585
2011-09-27,4.20752,0.0,0.0
2011-09-28,4.20467,0.0,0.0
2011-09-29,4.20668,0.0,0.0
2011-09-30,4.21247,0.0,0.0
2011-10-03,4.22549,0.0,0.0
2011-10-04,4.2246,4.2716,4.1782
2011-10-05,4.21554,4.2659,4.1658
2011-10-06,4.19624,4.2479,4.1452
2011-10-07,4.19528,4.2415,4.1495
2011-10-10,4.22463,4.2731,4.1767
2011-10-11,4.22054,4.2706,4.171
2011-10-12,4.21247,4.2598,4.1657
2011-10-13,4.208880000000001,4.2567,4.1615
2011-10-14,4.20996,0.0,0.0
2011-10-17,4.19765,0.0,0.0
2011-10-18,4.201309999999999,0.0,0.0
2011-10-19,4.2174,4.2687,4.1667
2011-10-20,4.2208,0.0,0.0
2011-10-21,4.22314,4.27,4.1768
2011-10-24,4.22769,0.0,0.0
2011-10-25,4.22954,4.281000000000001,4.1787
2011-10-26,4.23387,4.2833,4.185
2011-10-27,4.23367,4.2864,4.1816
2011-10-28,4.22665,0.0,0.0
2011-10-31,4.233140000000001,4.2851,4.1818
2011-11-01,4.244269999999999,4.2921,4.197
2011-11-02,4.2484,0.0,0.0
2011-11-03,4.24144,0.0,0.0
2011-11-04,4.24665,4.2981,4.1958
2011-11-07,4.249,0.0,0.0
2011-11-08,4.24956,4.3022,4.1976
2011-11-09,4.253369999999999,4.3009,4.2064
2011-11-10,4.25638,4.3055,4.2078
2011-11-11,4.262980000000001,0.0,0.0
2011-11-14,4.26675,0.0,0.0
2011-11-15,4.2657099999999994,4.3142,4.2178
2011-11-16,4.26929,0.0,0.0
2011-11-17,4.269480000000001,4.3203,4.2193
2011-11-18,4.26684,0.0,0.0
2011-11-21,4.274780000000001,0.0,0.0
2011-11-22,4.27112,4.3182,4.2245
2011-11-23,4.26242,0.0,0.0
2011-11-24,4.26081,0.0,0.0
2011-11-25,4.255780000000001,4.3078,4.2044
2011-11-28,4.25858,0.0,0.0
2011-11-29,4.2586900000000005,0.0,0.0
2011-11-30,4.2621,0.0,0.0
2011-12-01,4.27431,4.3225,4.2267
2011-12-02,4.28229,4.3312,4.234
2011-12-05,4.29472,0.0,0.0
2011-12-06,4.2905,4.3395,4.2421
2011-12-07,4.28948,4.3421,4.2375
2011-12-08,4.28143,0.0,0.0
2011-12-09,4.27409,4.3235,4.2252
2011-12-12,4.27409,0.0,0.0
2011-12-13,4.27865,4.3296,4.2283
2011-12-14,4.285830000000001,0.0,0.0
2011-12-15,4.28647,4.3352,4.2383
2011-12-16,4.281569999999999,4.3298,4.2339
2011-12-19,4.28172,0.0,0.0
2011-12-20,4.2892,4.3418,4.2372
2011-12-21,4.29256,4.3427,4.243
2011-12-22,4.28881,0.0,0.0
2011-12-23,4.288530000000001,0.0,0.0
2011-12-26,4.2903,0.0,0.0
2011-12-27,4.28669,0.0,0.0
2011-12-28,4.28855,4.3419,4.2359
2011-12-29,4.29476,4.3448,4.2453
2011-12-30,4.3003800000000005,4.3491,4.2522
2012-01-02,4.30657,4.3565,4.2573
2012-01-03,4.30725,4.3556,4.2594
2012-01-04,4.3009,4.3538,4.2487
2012-01-05,4.30269,0.0,0.0
2012-01-06,4.3051,0.0,0.0
2012-01-09,4.315,4.3634,4.2672
2012-01-10,4.32062,4.3724,4.2694
2012-01-11,4.31429,0.0,0.0
2012-01-12,4.31438,4.3642,4.2651
2012-01-13,4.31096,4.3606,4.2619
2012-01-16,4.31199,0.0,0.0
2012-01-17,4.31604,0.0,0.0
2012-01-18,4.31292,0.0,0.0
2012-01-19,4.31149,4.3635,4.2601
2012-01-20,4.31313,4.3653,4.2615
2012-01-23,4.32031,4.3698,4.2713
2012-01-24,4.32809,4.3773,4.2794
2012-01-25,4.33206,0.0,0.0
2012-01-26,4.3301099999999995,4.3784,4.2824
2012-01-27,4.32505,0.0,0.0
2012-01-30,4.32833,4.3792,4.2781
2012-01-31,4.3329699999999995,0.0,0.0
2012-02-01,4.3293800000000005,4.3779,4.2814
2012-02-02,4.33125,4.3826,4.2805
2012-02-03,4.33713,4.3877,4.2871
2012-02-06,4.33586,0.0,0.0
2012-02-07,4.33411,0.0,0.0
2012-02-08,4.33461,0.0,0.0
2012-02-09,4.33663,0.0,0.0
2012-02-10,4.3390699999999995,4.39,4.2887
2012-02-13,4.34281,4.395,4.2912
2012-02-14,4.34152,4.3953,4.2884
2012-02-15,4.34291,0.0,0.0
2012-02-16,4.34636,4.3948,4.2984
2012-02-17,4.34774,4.3971,4.2989
2012-02-20,4.34845,4.401,4.2966
2012-02-21,4.34513,0.0,0.0
2012-02-22,4.34884,4.4007,4.2975
2012-02-23,4.35257,0.0,0.0
2012-02-24,4.35325,4.4072,4.2999
2012-02-27,4.35458,4.4058,4.3039
2012-02-28,4.354019999999999,4.4019,4.3066
2012-02-29,4.3531699999999995,4.4065,4.3005
2012-03-01,4.3541300000000005,0.0,0.0
2012-03-02,4.3537,4.407,4.301
2012-03-05,4.34628,4.4004,4.2928
2012-03-06,4.33729,0.0,0.0
2012-03-07,4.33361,4.3822,4.2856
2012-03-08,4.33368,0.0,0.0
2012-03-09,4.3352900000000005,4.3893,4.282
2012-03-12,4.33801,4.388999999999999,4.2876
2012-03-13,4.34227,4.3903,4.2948
2012-03-14,4.34584,0.0,0.0
2012-03-15,4.34846,0.0,0.0
2012-03-16,4.35153,0.0,0.0
2012-03-19,4.35041,4.4039,4.2976
2012-03-20,4.35249,0.0,0.0
2012-03-21,4.35953,0.0,0.0
2012-03-22,4.36369,4.4166,4.3114
2012-03-23,4.36475,4.4166,4.3135
2012-03-26,4.3566199999999995,0.0,0.0
2012-03-27,4.35726,4.4054,4.3096
2012-03-28,4.36585,4.4189,4.3134
2012-03-29,4.37206,4.4245,4.3202
2012-03-30,4.3737,0.0,0.0
2012-04-02,4.3764400000000006,0.0,0.0
2012-04-03,4.37735,0.0,0.0
2012-04-04,4.37628,0.0,0.0
2012-04-05,4.38009,0.0,0.0
2012-04-06,4.38502,4.4349,4.3357
2012-04-09,4.38207,0.0,0.0
2012-04-10,4.37852,0.0,0.0
2012-04-11,4.37744,4.4257,4.3297
2012-04-12,4.37999,4.4331,4.3275
2012-04-13,4.38649,0.0,0.0
2012-04-16,4.40947,4.4599,4.3596
2012-04-17,4.41403,0.0,0.0
2012-04-18,4.39956,4.4522,4.3475
2012-04-19,4.39394,4.4476,4.341
2012-04-20,4.39649,4.4476,4.346
2012-04-23,4.40169,0.0,0.0
2012-04-24,4.410830000000001,4.4622,4.3601
2012-04-25,4.40931,4.4602,4.359
2012-04-26,4.40634,0.0,0.0
2012-04-27,4.40814,4.4587,4.3581
2012-04-30,4.414619999999999,4.4698,4.3602
2012-05-01,4.41566,4.4656,4.3663
2012-05-02,4.41195,4.4641,4.3604
2012-05-03,4.41469,4.4664,4.3635
2012-05-04,4.41875,4.4705,4.3676
2012-05-07,4.43267,4.4829,4.383
2012-05-08,4.44337,0.0,0.0
2012-05-09,4.43852,4.4883,4.3893
2012-05-10,4.435219999999999,0.0,0.0
2012-05-11,4.4366699999999994,0.0,0.0
2012-05-14,4.43846,4.4926,4.3849
2012-05-15,4.43979,4.4910000000000005,4.3892
2012-05-16,4.44001,0.0,0.0
2012-05-17,4.4423,0.0,0.0
2012-05-18,4.447030000000001,4.5018,4.3929
2012-05-21,4.454359999999999,0.0,0.0
2012-05-22,4.45155,4.5046,4.3991
2012-05-23,4.45786,0.0,0.0
2012-05-24,4.46569,4.5206,4.4115
2012-05-25,4.46782,4.5191,4.4171
2012-05-28,4.4718,0.0,0.0
2012-05-29,4.46701,4.5164,4.4182
2012-05-30,4.46951,0.0,0.0
2012-05-31,4.47169,0.0,0.0
2012-06-01,4.46999,4.5205,4.42
2012-06-04,4.45276,0.0,0.0
2012-06-05,4.45371,4.5086,4.3995
2012-06-06,4.468369999999999,0.0,0.0
2012-06-07,4.47671,0.0,0.0
2012-06-08,4.48179,4.5336,4.4306
2012-06-11,4.4698,0.0,0.0
2012-06-12,4.460319999999999,4.5153,4.406000000000001
2012-06-13,4.4778,4.5286,4.4276
2012-06-14,4.48834,4.5384,4.4388
2012-06-15,4.487,0.0,0.0
2012-06-18,4.4825,4.5333,4.4323
2012-06-19,4.479430000000001,0.0,0.0
2012-06-20,4.4901,4.5448,4.436
2012-06-21,4.49503,0.0,0.0
2012-06-22,4.49561,4.5497,4.4422
2012-06-25,4.50579,0.0,0.0
2012-06-26,4.51215,0.0,0.0
2012-06-27,4.511340000000001,4.5667,4.4567
2012-06-28,4.5037400000000005,4.5561,4.452
2012-06-29,4.508369999999999,0.0,0.0
2012-07-02,4.52091,0.0,0.0
2012-07-03,4.52707,4.5821,4.4727
2012-07-04,4.52637,0.0,0.0
2012-07-05,4.52452,4.5806,4.4692
2012-07-06,4.52466,4.5746,4.4753
2012-07-09,4.54783,4.5987,4.4975
2012-07-10,4.54623,0.0,0.0
2012-07-11,4.52543,0.0,0.0
2012-07-12,4.530480000000001,4.5813,4.4802
2012-07-13,4.5381,0.0,0.0
2012-07-16,4.52936,4.5796,4.4797
2012-07-17,4.5334699999999994,4.5879,4.4797
2012-07-18,4.54416,4.5957,4.4932
2012-07-19,4.54928,0.0,0.0
2012-07-20,4.5527,4.609,4.4971
2012-07-23,4.560980000000001,0.0,0.0
2012-07-24,4.5676,0.0,0.0
2012-07-25,4.56663,4.6178,4.516
2012-07-26,4.56767,4.6209,4.5151
2012-07-27,4.5682599999999995,4.6237,4.5135
2012-07-30,4.5716,4.6249,4.5189
2012-07-31,4.575019999999999,4.63,4.5206
2012-08-01,4.57655,0.0,0.0
2012-08-02,4.57569,4.6307,4.5213
2012-08-03,4.5767,0.0,0.0
2012-08-06,4.5845400000000005,4.6352,4.5344
2012-08-07,4.58763,4.6446,4.5313
2012-08-08,4.58913,4.6427,4.5362
2012-08-09,4.59397,4.6448,4.5437
2012-08-10,4.596080000000001,0.0,0.0
2012-08-13,4.59892,4.6562,4.5423
2012-08-14,4.60334,0.0,0.0
2012-08-15,4.60567,4.6595,4.5524
2012-08-16,4.60649,0.0,0.0
2012-08-17,4.6082,4.6623,4.5547
2012-08-20,4.61437,4.6677,4.5616
2012-08-21,4.6163,0.0,0.0
2012-08-22,4.61641,0.0,0.0
2012-08-23,4.59756,4.6493,4.5464
2012-08-24,4.60386,0.0,0.0
2012-08-27,4.61793,0.0,0.0
2012-08-28,4.61859,4.6737,4.5641
2012-08-29,4.61983,4.6713,4.5689
2012-08-30,4.62671,0.0,0.0
2012-08-31,4.6294900000000005,4.6866,4.5731
2012-09-03,4.6340699999999995,0.0,0.0
2012-09-04,4.63664,0.0,0.0
2012-09-05,4.63932,0.0,0.0
2012-09-06,4.64593,0.0,0.0
2012-09-07,4.65065,4.7087,4.5933
2012-09-10,4.65796,0.0,0.0
2012-09-11,4.66329,0.0,0.0
2012-09-12,4.66216,4.7194,4.6056
2012-09-13,4.66104,0.0,0.0
2012-09-14,4.66124,0.0,0.0
2012-09-17,4.65426,0.0,0.0
2012-09-18,4.65722,0.0,0.0
2012-09-19,4.6683900000000005,4.7212,4.6162
2012-09-20,4.67437,0.0,0.0
2012-09-21,4.67931,4.7349,4.6244
2012-09-24,4.68245,0.0,0.0
2012-09-25,4.67888,0.0,0.0
2012-09-26,4.6824,4.734,4.6314
2012-09-27,4.687790000000001,0.0,0.0
2012-09-28,4.68929,0.0,0.0
2012-10-01,4.69479,0.0,0.0
2012-10-02,4.70078,4.7552,4.6469
2012-10-03,4.69953,0.0,0.0
2012-10-04,4.69776,0.0,0.0
2012-10-05,4.70089,0.0,0.0
2012-10-08,4.699730000000001,4.7547,4.6454
2012-10-09,4.7032099999999994,0.0,0.0
2012-10-10,4.7083699999999995,4.7612,4.6562
2012-10-11,4.7111,4.7676,4.6553
2012-10-12,4.71206,4.7663,4.6585
2012-10-15,4.71141,4.7647,4.6588
2012-10-16,4.71375,0.0,0.0
2012-10-17,4.71286,0.0,0.0
2012-10-18,4.71368,4.7715,4.6565
2012-10-19,4.72536,0.0,0.0
2012-10-22,4.73728,0.0,0.0
2012-10-23,4.73888,0.0,0.0
2012-10-24,4.73923,4.7933,4.6858
2012-10-25,4.74297,0.0,0.0
2012-10-26,4.74754,4.803999999999999,4.6918
2012-10-29,4.74959,0.0,0.0
2012-10-30,4.75266,4.8069,4.6991
2012-10-31,4.7555,4.8101,4.7015
2012-11-01,4.76098,4.8174,4.7052
2012-11-02,4.76483,4.8185,4.7117
2012-11-05,4.7704699999999995,4.8233,4.7182
2012-11-06,4.77536,4.8282,4.7231
2012-11-07,4.77464,4.8275,4.7224
2012-11-08,4.77299,4.8284,4.7182
2012-11-09,4.77228,0.0,0.0
2012-11-12,4.77424,0.0,0.0
2012-11-13,4.77476,4.8284,4.7217
2012-11-14,4.7784699999999996,0.0,0.0
2012-11-15,4.782769999999999,0.0,0.0
2012-11-16,4.78546,0.0,0.0
2012-11-19,4.79431,4.8487,4.7405
2012-11-20,4.79871,4.8538,4.7442
2012-11-21,4.80238,4.8602,4.7452
2012-11-22,4.80661,0.0,0.0
2012-11-23,4.8131,4.8702,4.7566
2012-11-26,4.80265,0.0,0.0
2012-11-27,4.80564,0.0,0.0
2012-11-28,4.81859,4.8764,4.7615
2012-11-29,4.823519999999999,0.0,0.0
2012-11-30,4.82762,4.8861,4.7698
2012-12-03,4.83495,0.0,0.0
2012-12-04,4.83577,4.8924,4.7798
2012-12-05,4.83954,4.8948,4.7849
2012-12-06,4.8457300000000005,0.0,0.0
2012-12-07,4.85088,4.9053,4.7971
2012-12-10,4.85568,4.9108,4.8012
2012-12-11,4.86108,4.9181,4.8047
2012-12-12,4.86435,4.9222,4.8072
2012-12-13,4.86777,0.0,0.0
2012-12-14,4.871180000000001,0.0,0.0
2012-12-17,4.85655,0.0,0.0
2012-12-18,4.86017,4.9153,4.8056
2012-12-19,4.878340000000001,0.0,0.0
2012-12-20,4.88858,4.9473,4.8305
2012-12-21,4.894369999999999,4.9488,4.8405
2012-12-24,4.90116,0.0,0.0
2012-12-25,4.9044300000000005,0.0,0.0
2012-12-26,4.90457,4.9634,4.8464
2012-12-27,4.90519,4.9613,4.8497
2012-12-28,4.90916,4.9642,4.8547
2012-12-31,4.90869,4.9629,4.855
2013-01-01,4.91046,4.9678,4.8538
2013-01-02,4.9176,0.0,0.0
2013-01-03,4.9198,4.9762,4.8641
2013-01-04,4.92272,4.9834,4.8628
2013-01-07,4.92595,4.9811,4.8714
2013-01-08,4.9278,0.0,0.0
2013-01-09,4.92908,4.9907,4.8682
2013-01-10,4.93122,4.9876,4.8755
2013-01-11,4.93468,0.0,0.0
2013-01-14,4.93878,4.9952,4.883
2013-01-15,4.9393199999999995,0.0,0.0
2013-01-16,4.94634,5.0037,4.8897
2013-01-17,4.94945,0.0,0.0
2013-01-18,4.94848,5.003,4.8945
2013-01-21,4.9538400000000005,5.0152,4.8932
2013-01-22,4.9565,0.0,0.0
2013-01-23,4.95598,5.0145,4.8982
2013-01-24,4.95728,0.0,0.0
2013-01-25,4.9615800000000005,5.0176,4.9062
2013-01-28,4.96214,0.0,0.0
2013-01-29,4.96365,5.0241,4.9039
2013-01-30,4.96885,5.0261,4.9122
2013-01-31,4.972230000000001,5.029,4.9161
2013-02-01,4.97617,5.0363,4.9167
2013-02-04,4.97751,0.0,0.0
2013-02-05,4.98116,0.0,0.0
2013-02-06,4.98346,0.0,0.0
2013-02-07,4.98382,5.0453,4.9231
2013-02-08,4.98677,0.0,0.0
2013-02-11,4.99595,5.0523,4.9402
2013-02-12,4.99735,5.0529,4.9425
2013-02-13,4.99568,0.0,0.0
2013-02-14,4.9999199999999995,5.056,4.9445
2013-02-15,5.0037199999999995,5.0606,4.9475
2013-02-18,5.01269,5.0716,4.9545
2013-02-19,5.01317,5.0735,4.9536
2013-02-20,5.01306,0.0,0.0
2013-02-21,5.0189900000000005,0.0,0.0
2013-02-22,5.02355,5.0799,4.9678
2013-02-25,5.01639,5.0744,4.959
2013-02-26,5.0211,0.0,0.0
2013-02-27,5.03164,0.0,0.0
2013-02-28,5.03667,5.0963,4.9777
2013-03-01,5.04076,5.1002,4.982
2013-03-04,5.04473,5.1029,4.9873
2013-03-05,5.04772,5.1108,4.9855
2013-03-06,5.05203,0.0,0.0
2013-03-07,5.056109999999999,5.1183,4.9947
2013-03-08,5.05943,0.0,0.0
2013-03-11,5.06875,5.1279,5.0103
2013-03-12,5.07156,0.0,0.0
2013-03-13,5.0731,5.1289,5.0179
2013-03-14,5.076219999999999,5.1354,5.0177
2013-03-15,5.07958,5.1356,5.0242
2013-03-18,5.0864199999999995,0.0,0.0
2013-03-19,5.109,5.1663,5.0524
2013-03-20,5.10484,5.1652,5.0452
2013-03-21,5.09584,5.1529,5.0394
2013-03-22,5.09663,5.1579,5.0361
2013-03-25,5.11435,5.1778,5.0516
2013-03-26,5.113569999999999,5.1742,5.0536
2013-03-27,5.11376,0.0,0.0
2013-03-28,5.11895,5.1806,5.0581
2013-03-29,5.120419999999999,0.0,0.0
2013-04-01,5.1182300000000005,0.0,0.0
2013-04-02,5.1176699999999995,5.1811,5.055
2013-04-03,5.11525,0.0,0.0
2013-04-04,5.11909,0.0,0.0
2013-04-05,5.12881,5.1929,5.0655
2013-04-08,5.134119999999999,5.1966,5.0724
2013-04-09,5.1352400000000005,5.1946,5.0766
2013-04-10,5.13592,0.0,0.0
2013-04-11,5.13705,5.2003,5.0746
2013-04-12,5.139390000000001,0.0,0.0
2013-04-15,5.12974,0.0,0.0
2013-04-16,5.13532,5.1957,5.0756
2013-04-17,5.14961,5.2123,5.0877
2013-04-18,5.15379,5.2179,5.0904
2013-04-19,5.15451,0.0,0.0
2013-04-22,5.15736,5.2208,5.0947
2013-04-23,5.15986,0.0,0.0
2013-04-24,5.1637900000000005,0.0,0.0
2013-04-25,5.16956,0.0,0.0
2013-04-26,5.17312,5.2361,5.1109
2013-04-29,5.17342,5.2345,5.1131
2013-04-30,5.17338,0.0,0.0
2013-05-01,5.17906,5.2429,5.1160000000000005
2013-05-02,5.18613,5.2508,5.1223
2013-05-03,5.188619999999999,5.2528,5.1252
2013-05-06,5.18886,0.0,0.0
2013-05-07,5.19383,0.0,0.0
2013-05-08,5.20334,5.265,5.1424
2013-05-09,5.20876,0.0,0.0
2013-05-10,5.21201,5.2694,5.1552
2013-05-13,5.22326,0.0,0.0
2013-05-14,5.23136,5.2926,5.1708
2013-05-15,5.23338,0.0,0.0
2013-05-16,5.23493,5.297999999999999,5.1726
2013-05-17,5.2339400000000005,0.0,0.0
2013-05-20,5.2351,5.2972,5.1737
2013-05-21,5.23775,5.2978,5.1784
2013-05-22,5.24249,5.3048,5.1809
2013-05-23,5.2470300000000005,5.3071,5.1876
2013-05-24,5.25418,0.0,0.0
2013-05-27,5.26653,5.3265,5.2072
2013-05-28,5.26941,0.0,0.0
2013-05-29,5.26771,0.0,0.0
2013-05-30,5.27051,5.332000000000001,5.2097
2013-05-31,5.27541,5.3362,5.2154
2013-06-03,5.27756,5.3403,5.2156
2013-06-04,5.28106,5.3397,5.2231
2013-06-05,5.28485,0.0,0.0
2013-06-06,5.28948,0.0,0.0
2013-06-07,5.292009999999999,5.351,5.2337
2013-06-10,5.3045800000000005,0.0,0.0
2013-06-11,5.30772,5.3722,5.244
2013-06-12,5.30508,0.0,0.0
2013-06-13,5.30946,0.0,0.0
2013-06-14,5.31769,5.3839,5.2522
2013-06-17,5.32665,0.0,0.0
2013-06-18,5.32996,5.3952,5.2655
2013-06-19,5.33474,0.0,0.0
2013-06-20,5.33983,5.405,5.2755
2013-06-21,5.345330000000001,0.0,0.0
2013-06-24,5.35942,0.0,0.0
2013-06-25,5.365530000000001,5.4325,5.2994
2013-06-26,5.36264,5.4261,5.2999
2013-06-27,5.36299,5.4238,5.3029
2013-06-28,5.36876,0.0,0.0
2013-07-01,5.38849,0.0,0.0
2013-07-02,5.3922300000000005,5.4571,5.3282
2013-07-03,5.38999,5.4544,5.3263
2013-07-04,5.39225,5.4534,5.3318
2013-07-05,5.39473,0.0,0.0
2013-07-08,5.401269999999999,5.4672,5.3362
2013-07-09,5.40804,5.4683,5.3484
2013-07-10,5.40865,0.0,0.0
2013-07-11,5.408930000000001,0.0,0.0
2013-07-12,5.41298,5.4736,5.3531
2013-07-15,5.413819999999999,5.478,5.3504
2013-07-16,5.41697,0.0,0.0
2013-07-17,5.42595,5.486000000000001,5.3666
2013-07-18,5.43299,5.4933,5.3733
2013-07-19,5.43883,0.0,0.0
2013-07-22,5.4383099999999995,5.5045,5.3729
2013-07-23,5.44538,5.5085,5.382999999999999
2013-07-24,5.45713,5.5252,5.3899
2013-07-25,5.46089,5.5224,5.4
2013-07-26,5.46326,0.0,0.0
2013-07-29,5.46955,5.5348,5.4051
2013-07-30,5.47812,5.5457,5.4114
2013-07-31,5.4887,0.0,0.0
2013-08-01,5.49791,5.5638,5.4328
2013-08-02,5.50434,0.0,0.0
2013-08-05,5.51197,0.0,0.0
2013-08-06,5.51652,5.5836,5.4502
2013-08-07,5.52095,0.0,0.0
2013-08-08,5.52554,0.0,0.0
2013-08-09,5.52947,0.0,0.0
2013-08-12,5.5464,0.0,0.0
2013-08-13,5.5517900000000004,0.0,0.0
2013-08-14,5.55237,5.6208,5.4847
2013-08-15,5.55995,0.0,0.0
2013-08-16,5.567130000000001,5.6342,5.5009
2013-08-19,5.57638,0.0,0.0
2013-08-20,5.5849400000000005,5.6507,5.5199
2013-08-21,5.59075,5.6594,5.523
2013-08-22,5.5955900000000005,0.0,0.0
2013-08-23,5.6018099999999995,0.0,0.0
2013-08-26,5.603269999999999,0.0,0.0
2013-08-27,5.61552,5.6789,5.5528
2013-08-28,5.63,0.0,0.0
2013-08-29,5.64098,0.0,0.0
2013-08-30,5.65014,5.7179,5.5832
2013-09-02,5.66277,5.7327,5.5937
2013-09-03,5.67175,0.0,0.0
2013-09-04,5.6769300000000005,5.742000000000001,5.6126
2013-09-05,5.68806,5.7514,5.6255
2013-09-06,5.69913,0.0,0.0
2013-09-09,5.68061,5.749,5.6129999999999995
2013-09-10,5.68741,0.0,0.0
2013-09-11,5.7031,0.0,0.0
2013-09-12,5.71053,0.0,0.0
2013-09-13,5.71743,0.0,0.0
2013-09-16,5.72032,5.7836,5.6577
2013-09-17,5.71784,0.0,0.0
2013-09-18,5.72694,0.0,0.0
2013-09-19,5.74005,0.0,0.0
2013-09-20,5.7491,0.0,0.0
2013-09-23,5.75536,0.0,0.0
2013-09-24,5.75962,0.0,0.0
2013-09-25,5.76737,0.0,0.0
2013-09-26,5.772130000000001,5.8411,5.704
2013-09-27,5.77339,0.0,0.0
2013-09-30,5.78075,5.8451,5.7171
2013-10-01,5.78744,0.0,0.0
2013-10-02,5.79169,5.8615,5.7227
2013-10-03,5.79703,5.8629,5.7318
2013-10-04,5.8015099999999995,5.874,5.7299
2013-10-07,5.80882,5.8797,5.7388
2013-10-08,5.81573,5.8826,5.7496
2013-10-09,5.81872,0.0,0.0
2013-10-10,5.82038,5.8881,5.7534
2013-10-11,5.8223,5.8865,5.7588
2013-10-14,5.82601,0.0,0.0
2013-10-15,5.82885,5.8975,5.761
2013-10-16,5.8325,5.8969,5.7688
2013-10-17,5.8375699999999995,5.9096,5.7664
2013-10-18,5.84176,0.0,0.0
2013-10-21,5.84898,5.9185,5.7802
2013-10-22,5.85306,0.0,0.0
2013-10-23,5.85191,0.0,0.0
2013-10-24,5.85299,5.9191,5.7876
2013-10-25,5.86107,5.9327,5.7903
2013-10-28,5.8658,5.9319,5.8004
2013-10-29,5.87367,0.0,0.0
2013-10-30,5.8863,5.9576,5.8159
2013-10-31,5.89325,0.0,0.0
2013-11-01,5.90222,0.0,0.0
2013-11-04,5.92103,0.0,0.0
2013-11-05,5.9324900000000005,0.0,0.0
2013-11-06,5.94135,0.0,0.0
2013-11-07,5.95092,6.0176,5.885
2013-11-08,5.95078,6.0167,5.8855
2013-11-11,5.96004,0.0,0.0
2013-11-12,5.96816,0.0,0.0
2013-11-13,5.9705699999999995,0.0,0.0
2013-11-14,5.97219,0.0,0.0
2013-11-15,5.97706,6.0442,5.9107
2013-11-18,5.98907,0.0,0.0
2013-11-19,5.996980000000001,0.0,0.0
2013-11-20,6.00597,0.0,0.0
2013-11-21,6.0282599999999995,0.0,0.0
2013-11-22,6.04528,6.1128,5.9785
2013-11-25,6.07028,0.0,0.0
2013-11-26,6.08296,6.1517,6.015
2013-11-27,6.0841199999999995,6.1557,6.0134
2013-11-28,6.09349,6.1638,6.024
2013-11-29,6.10717,0.0,0.0
2013-12-02,6.12392,0.0,0.0
2013-12-03,6.13891,0.0,0.0
2013-12-04,6.15511,0.0,0.0
2013-12-05,6.17671,6.2518,6.1025
2013-12-06,6.1977199999999995,6.2687,6.1276
2013-12-09,6.20664,6.2749,6.1391
2013-12-10,6.22698,6.2979,6.1569
2013-12-11,6.24756,6.3171,6.1788
2013-12-12,6.26204,6.3348,6.1901
2013-12-13,6.2734,6.3452,6.2024
2013-12-16,6.2725800000000005,6.3454,6.2006
2013-12-17,6.28479,6.3577,6.2127
2013-12-18,6.30971,6.3869,6.2335
2013-12-19,6.33385,0.0,0.0
2013-12-20,6.36711,0.0,0.0
2013-12-23,6.4057699999999995,6.4805,6.3319
2013-12-24,6.41826,0.0,0.0
2013-12-25,6.43201,0.0,0.0
2013-12-26,6.44219,0.0,0.0
2013-12-27,6.44044,6.5167,6.3651
2013-12-30,6.49247,0.0,0.0
2013-12-31,6.51284,6.5902,6.4364
2014-01-01,6.5134,6.5867,6.4409
2014-01-02,6.518619999999999,0.0,0.0
2014-01-03,6.52182,0.0,0.0
2014-01-06,6.55028,0.0,0.0
2014-01-07,6.566889999999999,6.6488,6.4859
2014-01-08,6.58471,6.662999999999999,6.5073
2014-01-09,6.59883,6.6788,6.5198
2014-01-10,6.60732,6.6893,6.5264
2014-01-13,6.597010000000001,6.6718,6.5231
2014-01-14,6.63275,6.711,6.5554
2014-01-15,6.683160000000001,6.7595,6.6077
2014-01-16,6.70719,6.7863,6.629
2014-01-17,6.72105,6.7957,6.6473
2014-01-20,6.773630000000001,6.8553,6.6929
2014-01-21,6.807119999999999,6.8922,6.7231
2014-01-22,6.83172,0.0,0.0
2014-01-23,6.87902,6.9627,6.7963
2014-01-24,6.87902,0.0,0.0
2014-01-27,7.544980000000001,7.6316,7.4594
2014-01-28,7.9616,0.0,0.0
2014-01-29,7.993360000000001,0.0,0.0
2014-01-30,8.00837,0.0,0.0
2014-01-31,8.00859,0.0,0.0
2014-02-03,8.02556,0.0,0.0
2014-02-04,8.027610000000001,8.117,7.9392
2014-02-05,8.01475,8.1087,7.9219
2014-02-06,7.991689999999999,0.0,0.0
2014-02-07,7.923439999999999,8.0194,7.8286
2014-02-10,7.861219999999999,0.0,0.0
2014-02-11,7.838089999999999,0.0,0.0
2014-02-12,7.821960000000001,7.9155,7.7296
2014-02-13,7.8158199999999995,0.0,0.0
2014-02-14,7.81088,7.897,7.7257
2014-02-17,7.81381,7.901,7.7276
2014-02-18,7.80265,0.0,0.0
2014-02-19,7.77122,7.8683,7.6753
2014-02-20,7.7643,0.0,0.0
2014-02-21,7.7815199999999995,0.0,0.0
2014-02-24,7.7945199999999994,7.881,7.709
2014-02-25,7.8255,0.0,0.0
2014-02-26,7.852589999999999,7.9407,7.7654
2014-02-27,7.8662399999999995,7.954,7.7794
2014-02-28,7.87692,7.972,7.7829999999999995
2014-03-03,7.882060000000001,7.9779,7.7874
2014-03-04,7.88655,7.9779,7.7962
2014-03-05,7.8864399999999995,7.9747,7.7992
2014-03-06,7.88514,0.0,0.0
2014-03-07,7.88455,0.0,0.0
2014-03-10,7.87971,0.0,0.0
2014-03-11,7.87418,7.9623,7.787000000000001
2014-03-12,7.866160000000001,7.9548,7.7785
2014-03-13,7.865480000000001,0.0,0.0
2014-03-14,7.87453,0.0,0.0
2014-03-17,7.86763,0.0,0.0
2014-03-18,7.87781,7.9673,7.7893
2014-03-19,7.91074,0.0,0.0
2014-03-20,7.93933,8.0347,7.8451
2014-03-21,7.950010000000001,8.0428,7.8583
2014-03-24,7.95029,0.0,0.0
2014-03-25,7.9555,8.0465,7.8655
2014-03-26,7.969189999999999,8.0627,7.8767
2014-03-27,7.9942,8.086,7.9035
2014-03-28,8.00399,8.0952,7.9138
2014-03-31,7.99661,8.091000000000001,7.9033
2014-04-01,7.997330000000001,8.0904,7.9053
2014-04-02,8.00082,0.0,0.0
2014-04-03,8.000630000000001,8.0966,7.9058
2014-04-04,7.999639999999999,0.0,0.0
2014-04-07,8.00073,8.0899,7.9126
2014-04-08,8.002419999999999,8.0952,7.9107
2014-04-09,8.001619999999999,0.0,0.0
2014-04-10,8.000860000000001,8.0932,7.9096
2014-04-11,8.000860000000001,0.0,0.0
2014-04-14,8.004769999999999,8.0984,7.9122
2014-04-15,8.00866,0.0,0.0
2014-04-16,8.0043,8.0984,7.9113
2014-04-17,8.00107,8.0971,7.9062
2014-04-18,8.00107,0.0,0.0
2014-04-21,8.01052,8.1012,7.9209
2014-04-22,8.01784,0.0,0.0
2014-04-23,8.01098,8.1066,7.9165
2014-04-24,8.00298,8.099,7.9081
2014-04-25,8.00106,8.09,7.9131
2014-04-28,8.00052,8.0965,7.9057
2014-04-29,8.00131,0.0,0.0
2014-04-30,8.001489999999999,8.0956,7.9085
2014-05-01,8.001489999999999,0.0,0.0
2014-05-02,7.996519999999999,8.0894,7.9047
2014-05-05,7.99638,8.0885,7.9053
2014-05-06,7.998810000000001,0.0,0.0
2014-05-07,8.00062,0.0,0.0
2014-05-08,8.00159,8.0911,7.9131
2014-05-09,8.001330000000001,8.0903,7.9134
2014-05-12,8.001660000000001,0.0,0.0
2014-05-13,8.003860000000001,0.0,0.0
2014-05-14,8.01143,8.1113,7.9128
2014-05-15,8.02041,0.0,0.0
2014-05-16,8.02797,0.0,0.0
2014-05-19,8.04612,0.0,0.0
2014-05-20,8.057319999999999,0.0,0.0
2014-05-21,8.061869999999999,8.1605,7.9645
2014-05-22,8.06139,0.0,0.0
2014-05-23,8.06024,8.155,7.9666
2014-05-26,8.060130000000001,0.0,0.0
2014-05-27,8.06105,0.0,0.0
2014-05-28,8.06345,0.0,0.0
2014-05-29,8.06573,0.0,0.0
2014-05-30,8.07137,0.0,0.0
2014-06-02,8.07735,8.1778,7.9782
2014-06-03,8.0803,8.1759,7.9858
2014-06-04,8.08244,0.0,0.0
2014-06-05,8.09172,0.0,0.0
2014-06-06,8.10545,8.2008,8.0112
2014-06-09,8.13114,8.2309,8.0326
